Subscriber Key,Time Opened
10827,11/5/2019 17:03
110471,11/4/2019 16:27
1207,11/4/2019 9:33
126133,11/4/2019 13:27
13324,11/4/2019 19:52
14255,11/4/2019 16:35
144297,11/4/2019 10:43
149416,11/4/2019 18:21
160091,11/4/2019 21:39
19356,11/4/2019 21:03
19804,11/4/2019 9:56
19819,11/4/2019 10:12
20350,11/4/2019 11:05
20987,11/4/2019 11:20
217657,11/4/2019 15:47
23085,11/4/2019 9:33
244879,11/4/2019 10:30
248747,11/4/2019 9:46
254802,11/5/2019 18:44
25765,11/4/2019 9:46
270468,11/4/2019 18:04
275505,11/4/2019 11:54
289650,11/4/2019 9:51
293821,11/4/2019 9:41
3109243,11/4/2019 9:46
311352,11/4/2019 10:02
317439,11/4/2019 10:16
322412,11/9/2019 2:32
325840,11/4/2019 9:42
326043,11/9/2019 21:30
327095,11/4/2019 9:30
329445,11/4/2019 19:46
33220,11/4/2019 12:07
33386,11/4/2019 11:28
34380,11/4/2019 15:48
35157,11/4/2019 9:34
35494,11/4/2019 10:24
36562,11/4/2019 21:43
37025,11/4/2019 9:38
37348,11/4/2019 11:03
382340,11/4/2019 9:30
390172,11/4/2019 10:16
394734,11/4/2019 9:46
39681,11/4/2019 9:30
405202,11/4/2019 10:53
410058,11/5/2019 18:28
411541,11/4/2019 10:26
417,11/4/2019 9:30
431323,11/10/2019 17:43
438884,11/5/2019 9:55
450106,11/4/2019 12:11
457379,11/5/2019 18:48
465855,11/4/2019 17:51
47673,11/4/2019 18:12
482735,11/4/2019 14:32
491195,11/4/2019 12:19
494232,11/4/2019 9:35
50193,11/7/2019 13:08
517,11/4/2019 12:32
522339,11/4/2019 11:25
582260,11/4/2019 10:10
582724,11/4/2019 17:22
588242,11/4/2019 14:10
589745,11/4/2019 11:12
59438,11/4/2019 14:14
598606,11/4/2019 9:41
614097,11/4/2019 10:03
614198,11/4/2019 9:57
6198,11/4/2019 11:27
625176,11/4/2019 9:45
633650,2/3/2020 16:42
637991,11/4/2019 9:36
657512,11/4/2019 22:48
673476,11/4/2019 16:59
713275,11/4/2019 14:25
720250,11/4/2019 11:13
749900,11/5/2019 20:29
763832,11/4/2019 9:36
827387,11/4/2019 9:30
832673,11/4/2019 10:43
837780,11/4/2019 9:43
8823,11/4/2019 9:50
937021,11/4/2019 10:05
98585,11/6/2019 8:51
152290,11/4/2019 9:42
841375,11/4/2019 10:43
3111671,11/4/2019 9:30
3106110,11/4/2019 9:34
3119111,11/4/2019 16:43
3156046,11/4/2019 9:31
3208162,6/25/2020 15:37
3216594,11/4/2019 9:51
178652,11/4/2019 22:40
26098,11/4/2019 14:15
341167,11/5/2019 0:43
36013,11/4/2019 11:18
398936,11/4/2019 9:39
401048,11/4/2019 10:12
471682,11/4/2019 9:53
491665,11/4/2019 14:54
51,11/4/2019 9:55
749336,11/13/2019 9:04
887193,11/4/2019 9:30
892328,11/7/2019 8:21
964622,11/4/2019 11:15
972774,11/4/2019 21:08
973330,11/4/2019 9:36
239718,11/4/2019 9:33
28876,11/4/2019 9:36
314763,11/4/2019 9:59
471112,11/4/2019 20:48
594134,11/4/2019 9:31
606588,11/4/2019 9:30
665086,11/4/2019 20:44
669627,11/4/2019 11:54
689098,11/4/2019 9:51
693530,11/10/2019 9:36
694716,11/4/2019 9:30
739032,11/4/2019 9:30
746416,11/4/2019 14:20
775530,11/5/2019 10:28
790647,11/4/2019 9:30
809722,11/4/2019 9:38
814268,11/4/2019 11:05
102404,11/4/2019 17:41
104938,11/4/2019 9:32
10860,11/4/2019 9:40
109005,11/4/2019 11:36
109322,11/4/2019 15:51
110526,11/4/2019 16:06
111717,11/4/2019 9:31
113499,11/4/2019 9:45
11412,11/4/2019 9:33
117137,11/6/2019 11:28
118062,11/4/2019 23:08
118498,11/4/2019 14:48
146568,11/4/2019 16:02
149826,11/4/2019 13:06
150274,11/4/2019 14:02
151831,11/4/2019 10:59
15193,11/7/2019 8:47
153011,11/4/2019 10:35
15358,11/12/2019 15:29
15588,11/4/2019 9:39
157196,11/4/2019 10:29
157518,11/4/2019 12:38
15881,11/4/2019 11:06
15938,11/4/2019 12:38
161266,11/4/2019 9:36
163550,11/4/2019 10:21
164341,11/4/2019 11:02
164541,11/4/2019 9:50
165770,11/4/2019 10:53
166555,11/5/2019 1:25
167685,11/4/2019 13:32
168747,11/7/2019 10:37
169242,11/4/2019 11:34
171698,11/4/2019 11:15
172636,11/4/2019 10:32
173480,11/4/2019 21:44
17729,11/4/2019 9:43
177436,11/4/2019 10:08
180487,11/4/2019 11:42
18136,11/4/2019 9:49
181473,11/4/2019 16:20
183226,11/13/2019 13:41
184212,11/5/2019 11:01
185562,11/5/2019 4:59
186235,11/4/2019 9:38
186508,11/4/2019 10:51
187709,11/4/2019 11:41
18810,11/4/2019 9:49
190084,11/4/2019 11:21
19022,11/5/2019 16:48
191516,11/6/2019 8:22
192499,11/4/2019 16:56
194238,11/4/2019 12:42
195353,11/4/2019 11:40
195498,11/4/2019 9:42
19658,11/5/2019 4:51
198569,11/4/2019 9:30
199032,11/4/2019 9:52
20101,11/4/2019 12:09
20109,11/4/2019 9:40
202069,11/4/2019 22:47
202254,11/4/2019 11:04
204094,11/4/2019 11:59
204578,11/23/2019 12:06
205101,11/4/2019 11:20
205712,11/4/2019 12:46
208099,11/7/2019 12:30
20917,11/4/2019 13:27
20937,11/4/2019 13:56
209734,11/6/2019 6:14
21165,11/4/2019 18:52
212173,11/4/2019 13:32
213313,11/4/2019 9:54
214526,11/5/2019 5:48
21547,11/4/2019 9:39
216507,11/4/2019 10:05
217497,11/8/2019 15:41
218010,11/4/2019 16:24
219108,11/4/2019 11:12
219460,11/4/2019 17:10
219917,11/5/2019 9:23
221234,11/4/2019 10:24
221462,11/4/2019 11:07
222517,11/4/2019 9:31
222683,11/4/2019 12:44
223087,11/4/2019 13:44
22447,11/4/2019 10:40
225898,11/4/2019 17:15
226410,11/6/2019 14:57
226607,11/5/2019 12:16
227590,11/5/2019 8:56
229391,11/13/2019 16:51
231083,11/4/2019 10:37
231597,11/5/2019 19:35
232250,11/4/2019 9:32
23227,11/4/2019 9:33
233281,11/4/2019 11:50
234046,11/4/2019 9:43
23502,11/4/2019 9:44
237116,11/4/2019 9:30
237245,11/4/2019 15:19
23749,11/4/2019 9:45
237808,11/24/2019 18:59
238058,11/4/2019 10:26
238299,11/4/2019 14:57
238547,11/5/2019 16:17
239217,11/4/2019 14:28
240116,11/4/2019 10:40
240137,11/4/2019 13:30
240348,11/4/2019 12:23
240468,11/4/2019 9:58
243234,11/4/2019 15:33
243629,11/4/2019 9:53
244881,11/4/2019 10:47
245346,11/4/2019 9:31
245527,11/5/2019 8:31
245694,11/4/2019 10:25
245818,11/4/2019 12:27
247045,11/4/2019 11:57
248068,11/4/2019 10:52
249713,11/5/2019 6:43
250855,11/4/2019 9:54
251189,11/5/2019 15:13
252957,11/4/2019 12:59
253315,11/4/2019 13:47
254235,11/4/2019 9:31
254974,11/5/2019 8:40
256073,11/5/2019 14:40
257154,11/7/2019 9:10
258161,11/4/2019 20:50
258798,11/4/2019 13:30
259702,11/4/2019 11:00
259743,11/4/2019 10:26
259905,11/5/2019 4:07
260235,11/4/2019 9:36
261328,11/4/2019 9:44
262887,11/4/2019 13:43
263212,11/4/2019 10:09
263800,11/5/2019 23:44
264068,11/4/2019 10:48
265263,11/4/2019 15:18
265463,11/4/2019 10:06
265467,11/4/2019 10:18
265780,11/4/2019 11:17
266292,11/5/2019 13:24
267659,11/4/2019 9:46
2681,11/4/2019 9:31
2694,11/5/2019 19:29
269826,2/6/2020 11:27
270571,11/4/2019 13:25
271051,11/4/2019 9:30
271623,11/4/2019 14:13
272510,11/4/2019 11:15
272853,11/4/2019 11:20
273115,11/6/2019 10:15
27437,11/4/2019 14:30
274864,11/4/2019 15:02
275551,11/4/2019 9:37
276182,11/4/2019 14:06
276594,11/5/2019 21:38
277673,11/4/2019 10:33
277755,11/4/2019 10:56
278862,11/4/2019 10:38
279882,11/4/2019 9:52
28385,11/4/2019 11:20
284292,11/13/2019 20:06
285206,11/4/2019 10:07
287269,11/5/2019 12:17
287888,11/4/2019 9:41
288256,11/4/2019 10:27
289561,11/4/2019 9:38
290361,11/4/2019 16:27
290869,11/4/2019 12:22
291286,11/5/2019 5:12
29164,11/4/2019 12:29
292213,11/4/2019 11:07
292662,12/10/2019 13:48
293448,11/4/2019 12:58
294601,11/6/2019 8:31
294893,11/4/2019 11:48
295117,11/4/2019 11:06
29528,11/4/2019 9:33
297,11/4/2019 9:55
297098,11/4/2019 10:10
297801,11/4/2019 9:39
297811,11/4/2019 9:32
297965,11/4/2019 13:42
298220,11/4/2019 21:08
298696,11/4/2019 19:26
299845,11/4/2019 9:30
300057,11/4/2019 11:15
300080,11/4/2019 9:30
300308,11/4/2019 9:48
300845,11/4/2019 15:19
300937,11/4/2019 9:51
3009649,11/4/2019 9:32
3010093,11/4/2019 12:47
301029,11/4/2019 10:33
301201,11/4/2019 21:21
301401,11/4/2019 10:29
301409,11/4/2019 21:22
301456,11/4/2019 9:42
301486,11/4/2019 9:54
301987,11/4/2019 9:41
302277,11/4/2019 10:45
3030303,11/4/2019 9:58
303171,11/4/2019 20:47
303231,11/4/2019 9:41
303457,11/4/2019 9:39
304090,11/4/2019 9:40
304704,11/4/2019 12:28
305144,11/5/2019 11:51
305786,11/4/2019 10:33
3059311,11/4/2019 13:19
305936,11/4/2019 11:52
306709,11/4/2019 9:32
3068988,11/4/2019 11:06
3071366,11/4/2019 11:38
307347,11/4/2019 13:17
30758,11/4/2019 9:31
307768,11/4/2019 9:49
3081577,11/4/2019 9:31
309141,11/4/2019 11:42
30942,11/4/2019 9:35
310194,11/4/2019 10:26
310294,11/4/2019 10:49
310368,11/4/2019 9:54
3109,11/4/2019 9:56
3112178,11/4/2019 9:30
311717,11/4/2019 10:53
312007,11/4/2019 10:10
313094,11/4/2019 11:01
313748,11/4/2019 14:28
314238,11/7/2019 8:18
315088,11/4/2019 10:50
315310,11/4/2019 9:36
316062,11/7/2019 18:35
316501,11/4/2019 9:42
317128,11/4/2019 13:47
318160,11/4/2019 18:02
318867,11/4/2019 9:39
319311,11/4/2019 10:54
319602,11/13/2019 8:57
31992,1/21/2020 11:45
320173,11/5/2019 4:54
320568,11/4/2019 11:00
320938,11/4/2019 9:57
321239,11/4/2019 10:36
321644,11/4/2019 9:45
322297,11/4/2019 9:34
322794,11/4/2019 9:34
323233,11/4/2019 15:12
323722,11/4/2019 9:38
323933,11/4/2019 15:12
324114,11/4/2019 21:55
32441,11/4/2019 10:09
324649,11/7/2019 12:09
325576,11/4/2019 9:32
326587,11/4/2019 10:17
326847,11/4/2019 9:32
327825,11/4/2019 15:05
328354,11/4/2019 18:00
329501,11/4/2019 9:40
329963,11/4/2019 10:35
331417,11/5/2019 5:25
331424,11/21/2019 11:30
331683,11/4/2019 10:41
333315,11/4/2019 16:39
335067,11/4/2019 12:46
335619,11/4/2019 11:23
336196,11/4/2019 11:57
336978,11/5/2019 11:56
337421,11/4/2019 19:47
337608,11/4/2019 10:18
339085,11/4/2019 15:24
340790,11/4/2019 10:20
341203,11/4/2019 11:46
34161,11/4/2019 11:58
34346,11/4/2019 10:46
343712,11/4/2019 10:23
343912,11/27/2019 10:30
343940,11/4/2019 9:45
345260,11/4/2019 9:30
348331,11/7/2019 18:44
348453,11/4/2019 11:39
348989,11/4/2019 9:34
349093,11/9/2019 16:26
353357,11/12/2019 13:42
353784,11/4/2019 15:40
354004,11/5/2019 5:06
3583,11/4/2019 11:45
358709,11/4/2019 9:57
360624,11/4/2019 21:54
363834,11/4/2019 12:14
36445,11/4/2019 12:23
365148,11/4/2019 9:36
365974,11/4/2019 9:49
367369,11/4/2019 10:38
367999,11/4/2019 15:58
368414,11/4/2019 10:39
36954,11/4/2019 15:47
370769,11/11/2019 14:52
370901,11/5/2019 22:37
371117,11/4/2019 11:51
371253,11/4/2019 10:06
371656,11/5/2019 8:51
372082,11/4/2019 9:47
372300,11/4/2019 22:25
372483,11/4/2019 10:33
373367,11/4/2019 20:38
373817,11/8/2019 23:24
374263,11/4/2019 10:11
374502,11/6/2019 9:22
375333,11/4/2019 11:05
376116,11/4/2019 10:05
378593,11/4/2019 22:38
37966,11/4/2019 9:52
381204,11/4/2019 10:19
382460,11/4/2019 9:30
382814,11/4/2019 9:48
382952,11/4/2019 9:38
384246,11/4/2019 11:33
386124,11/4/2019 9:33
389642,11/4/2019 9:50
389831,11/4/2019 13:54
390045,11/4/2019 9:52
39034,11/5/2019 8:16
390497,11/4/2019 9:37
390708,11/4/2019 9:31
391637,11/4/2019 9:31
39453,11/4/2019 9:49
394854,11/4/2019 13:08
395240,11/4/2019 12:45
3955,11/4/2019 11:28
396440,11/5/2019 23:52
396761,11/5/2019 12:25
397108,11/4/2019 9:53
397368,11/4/2019 9:34
397457,11/4/2019 9:56
397555,11/4/2019 20:40
398496,11/4/2019 9:31
398634,11/4/2019 10:18
398935,11/4/2019 9:37
401088,11/4/2019 11:47
402181,11/4/2019 9:32
405297,11/5/2019 8:23
405692,11/4/2019 17:31
406605,11/4/2019 9:33
406621,11/4/2019 10:20
407175,11/4/2019 10:52
408812,11/4/2019 9:30
408894,11/4/2019 10:01
409328,11/4/2019 10:51
410011,11/4/2019 11:28
410204,11/6/2019 7:38
410649,11/4/2019 10:03
411207,11/6/2019 8:22
411614,11/5/2019 21:50
412181,11/4/2019 9:51
412812,11/4/2019 9:43
413574,11/4/2019 12:36
415677,11/4/2019 11:32
415767,11/4/2019 9:51
416213,11/4/2019 17:10
416544,11/4/2019 9:58
417588,11/4/2019 9:57
417923,11/5/2019 6:20
418861,11/4/2019 9:59
420994,11/28/2019 20:48
421362,11/4/2019 10:59
421940,11/4/2019 9:31
423116,11/5/2019 7:43
423977,11/4/2019 10:24
424674,11/4/2019 9:32
424808,11/4/2019 10:53
426913,11/5/2019 19:19
427664,11/6/2019 10:24
428507,11/4/2019 17:27
428796,11/5/2019 4:29
430278,11/4/2019 12:30
431443,11/4/2019 15:53
432587,11/4/2019 10:15
432929,11/5/2019 0:56
432998,11/4/2019 10:09
434453,11/4/2019 19:45
434745,11/4/2019 9:38
435023,11/4/2019 17:56
435884,11/4/2019 22:57
436261,11/4/2019 19:03
438378,11/4/2019 9:32
4390,11/4/2019 9:44
439850,11/4/2019 9:58
442003,11/4/2019 12:53
442370,11/4/2019 10:02
442562,11/4/2019 17:26
442925,11/4/2019 10:21
442971,11/4/2019 9:48
445950,11/4/2019 10:03
447736,11/4/2019 17:30
447819,11/4/2019 19:15
449649,11/5/2019 21:15
450417,11/4/2019 18:34
450894,11/4/2019 17:19
452629,11/5/2019 9:16
452853,11/4/2019 22:09
453033,11/4/2019 23:06
453660,11/4/2019 10:36
455659,11/4/2019 9:41
455998,11/4/2019 18:11
456351,1/16/2020 8:45
456634,11/4/2019 9:52
456982,11/4/2019 11:22
457700,11/4/2019 19:50
458359,11/4/2019 12:26
458366,11/4/2019 18:27
458502,11/4/2019 9:50
458803,11/4/2019 18:49
459124,11/4/2019 9:55
459519,11/4/2019 15:36
461,11/4/2019 9:31
462758,11/4/2019 9:54
462803,11/4/2019 9:31
462893,11/4/2019 9:49
463202,11/4/2019 14:05
463322,11/4/2019 12:54
463401,11/4/2019 23:25
463477,11/4/2019 9:55
464989,11/4/2019 10:36
466216,11/6/2019 20:28
468380,11/4/2019 11:06
468731,11/5/2019 5:34
468993,11/5/2019 17:37
469054,11/6/2019 5:54
469939,11/4/2019 11:15
470152,11/5/2019 19:09
470514,11/4/2019 9:36
470874,11/4/2019 10:14
471162,11/4/2019 12:02
471289,11/6/2019 8:30
471483,11/4/2019 10:04
471575,11/13/2019 22:55
472412,11/4/2019 9:36
472673,11/4/2019 16:30
473347,11/5/2019 13:45
475240,11/7/2019 21:50
475474,12/10/2019 12:07
475796,11/4/2019 10:25
475953,11/4/2019 10:19
476164,11/4/2019 9:39
476668,11/4/2019 14:27
476905,11/4/2019 9:31
477209,11/4/2019 9:52
478145,11/4/2019 9:49
478504,11/4/2019 20:22
478789,11/4/2019 10:31
478866,11/4/2019 11:22
479177,11/4/2019 15:01
479401,11/4/2019 9:57
479865,11/4/2019 12:24
481480,11/4/2019 11:35
481612,11/4/2019 9:48
481768,11/4/2019 10:21
482311,11/5/2019 5:39
482369,11/4/2019 9:32
482763,11/4/2019 9:34
483010,11/4/2019 9:31
483143,11/4/2019 9:31
483481,11/4/2019 13:01
483988,11/4/2019 10:00
484391,11/4/2019 10:54
485069,11/4/2019 9:35
487355,11/4/2019 23:55
488930,11/4/2019 10:56
489049,11/4/2019 11:51
489348,11/11/2019 12:34
489412,11/4/2019 10:23
489477,11/4/2019 9:52
489578,11/4/2019 13:19
490850,11/4/2019 9:31
491053,11/4/2019 11:15
491436,11/4/2019 9:31
491915,11/4/2019 12:32
493267,3/4/2020 20:09
49341,11/4/2019 9:31
493920,11/4/2019 9:54
493994,11/4/2019 11:29
494136,11/4/2019 19:56
494188,11/5/2019 8:03
494320,11/4/2019 10:32
494534,11/5/2019 8:01
494568,11/4/2019 9:58
495121,11/4/2019 10:11
495220,11/4/2019 9:33
495676,11/4/2019 9:31
496293,11/5/2019 21:25
497443,11/4/2019 10:01
499353,1/2/2020 15:43
500045,11/4/2019 16:23
500394,11/4/2019 10:00
501382,11/4/2019 10:38
501540,11/4/2019 9:43
502456,11/4/2019 12:57
502933,11/7/2019 3:56
503152,11/4/2019 13:31
503323,11/4/2019 10:34
50550,11/4/2019 13:30
506112,11/18/2019 13:51
506339,5/13/2020 20:40
506640,11/4/2019 10:13
507466,11/4/2019 9:44
508121,11/4/2019 9:31
508537,11/4/2019 21:59
508682,11/4/2019 13:46
508999,11/4/2019 9:30
509091,11/4/2019 17:58
509387,11/4/2019 11:30
509779,11/4/2019 9:37
509891,11/4/2019 12:45
510088,11/11/2019 5:49
51052,11/4/2019 9:43
510711,11/9/2019 22:33
511355,11/4/2019 10:44
511400,11/4/2019 10:12
513744,11/4/2019 9:33
513873,11/4/2019 9:30
514240,11/4/2019 13:24
5173,11/4/2019 15:37
517309,11/7/2019 22:46
517769,11/4/2019 9:31
51793,11/4/2019 22:04
518443,11/4/2019 13:33
518612,11/4/2019 10:31
520141,11/4/2019 11:35
521046,11/4/2019 9:31
521597,11/4/2019 12:29
52559,11/4/2019 17:50
53176,11/4/2019 9:35
5342,11/4/2019 9:46
543,11/4/2019 13:57
546661,11/4/2019 9:46
54703,11/4/2019 10:22
54877,11/4/2019 16:24
561838,11/4/2019 10:11
5699,11/4/2019 13:35
578248,11/5/2019 1:43
579347,11/4/2019 9:30
579463,11/5/2019 5:36
579682,11/4/2019 10:16
579895,11/4/2019 11:45
579956,11/4/2019 13:35
580604,11/7/2019 22:01
581019,11/4/2019 12:57
581131,11/4/2019 9:39
581282,11/4/2019 10:49
581679,11/4/2019 12:01
582177,11/4/2019 19:33
582414,11/4/2019 9:59
582661,11/6/2019 17:25
582805,11/4/2019 9:31
582901,11/4/2019 10:54
58314,11/4/2019 21:01
583436,11/4/2019 9:31
583868,11/4/2019 12:04
584077,11/4/2019 9:40
584138,11/4/2019 9:59
584721,11/4/2019 9:32
584821,11/12/2019 6:25
58719,11/4/2019 10:07
587616,11/5/2019 8:24
58806,11/4/2019 17:34
588952,11/5/2019 16:35
589720,11/4/2019 10:34
589746,11/4/2019 12:09
590071,11/4/2019 10:28
590854,11/4/2019 15:59
591456,11/4/2019 16:02
591469,11/4/2019 9:32
591561,11/5/2019 0:22
591890,11/4/2019 13:59
592399,11/4/2019 9:34
593168,11/4/2019 13:07
593513,11/5/2019 15:59
593715,11/4/2019 14:24
593999,11/4/2019 10:47
594356,11/4/2019 9:43
594852,11/4/2019 10:23
595387,11/7/2019 8:42
595839,11/4/2019 10:10
596081,11/4/2019 9:30
596973,11/4/2019 9:55
597391,11/4/2019 9:32
597961,11/4/2019 9:33
598603,11/4/2019 10:25
599200,11/4/2019 9:43
602564,11/4/2019 19:33
603134,11/4/2019 21:07
604278,11/4/2019 9:34
604918,11/4/2019 9:46
605271,11/4/2019 19:23
60536,11/4/2019 9:59
605477,11/4/2019 9:34
606203,11/4/2019 9:41
606271,11/4/2019 10:07
606281,11/4/2019 9:53
606736,11/4/2019 9:31
607970,11/4/2019 10:18
609574,11/4/2019 9:57
611100,11/5/2019 10:57
61149,11/8/2019 17:11
611525,11/4/2019 9:37
612317,11/4/2019 9:39
612581,11/4/2019 11:04
612966,11/5/2019 19:41
613060,11/4/2019 15:02
613165,11/4/2019 9:48
613585,11/4/2019 13:38
614055,11/7/2019 8:00
614257,11/4/2019 11:15
614373,11/4/2019 10:59
614996,11/4/2019 12:03
616086,11/12/2019 10:15
616624,11/4/2019 9:55
616724,11/4/2019 9:32
617041,11/4/2019 23:08
617716,11/6/2019 16:59
618422,11/6/2019 10:57
619635,11/4/2019 10:05
620629,11/4/2019 9:37
621535,11/5/2019 7:54
622150,11/4/2019 9:31
624922,11/4/2019 10:55
628051,11/4/2019 16:26
628938,11/4/2019 20:25
630091,11/4/2019 21:42
6307,11/4/2019 9:33
631844,11/8/2019 21:23
632131,11/4/2019 21:54
632632,11/5/2019 6:34
634024,11/4/2019 10:14
63415,11/4/2019 10:19
635857,11/4/2019 11:03
638211,11/9/2019 12:45
639850,11/4/2019 10:11
640867,11/9/2019 12:15
640991,11/4/2019 12:15
641868,11/4/2019 12:06
642460,11/4/2019 21:52
642583,12/2/2019 14:57
643607,11/5/2019 9:56
64425,11/4/2019 13:07
644478,11/4/2019 14:53
645680,11/4/2019 9:37
646125,11/5/2019 14:15
646283,11/4/2019 9:41
647203,11/4/2019 9:36
647884,11/4/2019 10:58
648163,11/4/2019 9:34
649348,11/4/2019 10:07
649385,11/4/2019 17:06
649793,11/4/2019 10:03
649991,11/4/2019 16:44
650767,11/4/2019 9:42
651147,11/4/2019 10:15
651417,11/4/2019 9:45
652352,11/4/2019 14:37
652680,11/5/2019 13:19
652871,11/4/2019 11:30
657539,11/4/2019 9:58
658090,11/4/2019 18:46
658865,11/4/2019 9:31
659847,11/4/2019 10:24
661631,11/4/2019 9:36
662840,11/4/2019 9:47
664733,11/4/2019 10:55
665056,11/4/2019 9:31
665449,11/4/2019 10:51
666243,11/4/2019 13:55
667084,11/4/2019 22:39
66719,11/5/2019 12:07
667613,11/4/2019 10:10
668324,11/4/2019 9:41
668509,11/4/2019 12:03
669675,11/4/2019 9:34
670226,11/4/2019 16:55
670619,11/4/2019 11:56
671234,11/23/2019 16:34
671358,11/4/2019 10:04
671810,11/4/2019 10:07
672272,11/4/2019 9:31
672817,11/4/2019 9:33
67383,11/5/2019 10:25
675830,11/4/2019 10:03
67619,11/21/2019 16:25
676478,12/13/2019 11:38
678496,11/4/2019 10:07
679840,11/4/2019 11:16
680332,11/4/2019 9:52
6828,11/4/2019 10:51
683818,11/4/2019 9:55
684568,11/4/2019 10:24
685170,11/4/2019 19:56
685934,11/22/2019 21:24
686574,11/4/2019 12:36
6883,11/4/2019 9:31
688549,11/5/2019 7:52
689510,11/4/2019 10:03
691332,11/4/2019 9:33
691400,11/6/2019 19:30
691873,11/4/2019 9:31
692156,11/4/2019 10:49
693043,11/4/2019 9:31
693243,11/4/2019 9:31
693897,11/4/2019 10:23
694430,11/4/2019 10:33
695313,11/4/2019 9:33
695987,11/4/2019 10:37
696524,11/4/2019 11:11
697453,11/4/2019 9:31
698265,11/7/2019 5:43
698322,11/4/2019 15:28
698432,11/4/2019 9:38
698934,11/4/2019 10:13
699214,11/4/2019 14:45
701077,11/4/2019 10:43
702526,11/4/2019 9:31
702883,11/4/2019 14:03
704001,11/4/2019 9:41
704255,11/4/2019 9:35
704738,11/4/2019 9:40
707294,11/4/2019 9:31
710046,11/4/2019 16:31
711629,11/4/2019 10:36
71342,11/4/2019 11:45
714265,11/4/2019 11:30
714832,11/4/2019 9:51
715890,11/4/2019 17:48
716875,6/3/2020 22:59
718148,11/5/2019 9:42
719264,11/4/2019 9:31
720580,11/5/2019 9:52
720725,11/4/2019 10:52
720828,11/5/2019 17:10
721906,11/8/2019 13:44
722585,11/4/2019 9:31
724826,11/4/2019 9:40
725792,11/4/2019 13:57
726309,11/4/2019 20:25
726726,11/4/2019 9:49
728711,11/4/2019 9:36
728948,6/5/2020 12:43
729358,11/4/2019 9:36
730017,5/5/2020 14:11
730258,11/15/2019 13:29
730901,11/4/2019 10:18
731000,11/4/2019 10:43
731745,11/4/2019 9:58
732619,11/4/2019 9:44
733434,11/4/2019 10:58
734713,11/4/2019 10:00
734857,11/4/2019 10:17
735350,11/4/2019 9:32
737860,11/4/2019 19:35
73822,11/4/2019 19:17
739654,3/6/2020 16:56
739953,11/4/2019 11:18
739993,11/4/2019 22:11
742339,11/4/2019 9:37
74291,11/4/2019 9:37
743966,11/4/2019 11:12
744157,11/4/2019 9:58
744632,11/4/2019 12:45
745013,11/4/2019 9:43
745262,11/4/2019 11:52
745626,11/4/2019 12:02
746060,11/4/2019 20:49
747147,11/9/2019 10:39
747495,11/5/2019 21:02
747623,11/4/2019 13:07
748035,11/14/2019 18:02
74810,11/4/2019 14:30
748697,11/5/2019 9:21
749080,11/4/2019 9:38
752021,11/4/2019 10:48
752698,11/4/2019 10:52
753133,11/4/2019 9:31
753197,11/5/2019 17:09
753415,11/4/2019 9:49
754202,11/4/2019 9:32
754949,11/4/2019 11:23
755590,1/15/2020 18:04
755727,11/4/2019 9:31
755896,11/4/2019 10:29
7560,11/4/2019 9:33
756326,11/5/2019 10:55
756581,11/4/2019 9:32
757594,11/4/2019 9:38
757863,11/4/2019 9:43
759111,11/6/2019 7:35
759732,11/4/2019 9:31
759869,11/4/2019 9:31
760090,11/5/2019 9:30
760488,11/5/2019 17:06
762594,11/4/2019 9:36
763260,11/4/2019 10:37
765615,11/4/2019 12:44
765918,11/22/2019 8:44
768330,11/4/2019 9:49
768556,11/4/2019 9:42
769332,11/4/2019 13:01
769719,11/4/2019 9:44
770046,11/4/2019 18:37
770540,11/5/2019 19:48
771301,11/4/2019 10:28
771618,11/4/2019 12:45
772280,11/4/2019 12:14
772503,11/4/2019 9:31
772854,11/4/2019 12:32
773709,11/4/2019 12:38
774412,11/4/2019 11:40
774511,11/4/2019 9:31
775021,11/5/2019 9:27
775234,11/7/2019 10:45
775447,11/4/2019 9:33
7765,11/4/2019 9:41
776590,11/8/2019 21:45
776799,11/16/2019 22:21
776976,11/4/2019 9:44
777087,11/9/2019 21:52
777487,11/4/2019 10:44
777702,11/4/2019 18:42
778360,11/4/2019 9:33
778874,11/4/2019 12:35
779517,11/4/2019 9:31
779667,11/4/2019 20:24
779770,11/4/2019 9:35
779938,11/4/2019 9:31
780313,11/4/2019 15:36
780691,11/5/2019 17:51
780870,11/4/2019 10:13
780914,12/26/2019 20:44
780975,11/4/2019 16:46
781040,11/4/2019 11:04
781125,11/5/2019 12:01
7812,11/4/2019 16:25
781234,11/4/2019 12:42
781365,11/4/2019 10:08
781542,11/4/2019 14:28
781909,11/4/2019 19:10
781921,11/4/2019 11:16
782154,11/4/2019 19:10
782360,11/4/2019 9:31
782415,11/6/2019 11:24
782462,11/24/2019 8:40
782562,11/4/2019 15:10
782610,11/4/2019 12:45
782617,11/4/2019 10:34
782940,11/4/2019 9:39
782979,11/5/2019 21:19
783309,11/6/2019 17:23
783466,11/9/2019 18:08
783491,11/4/2019 12:42
784089,11/4/2019 12:58
784188,11/4/2019 12:15
78430,11/4/2019 14:18
784364,11/4/2019 10:18
785118,11/4/2019 22:06
78632,11/4/2019 20:05
786341,11/4/2019 10:11
78642,11/4/2019 9:46
795339,11/5/2019 7:33
796276,11/4/2019 11:25
796285,11/4/2019 9:45
796447,11/4/2019 10:56
796571,11/4/2019 9:49
79732,11/4/2019 18:52
797460,11/12/2019 16:01
798186,11/4/2019 9:55
798425,11/5/2019 14:01
798879,11/4/2019 10:49
800684,11/4/2019 13:44
801172,11/4/2019 9:56
802562,11/4/2019 9:31
802564,11/4/2019 9:38
802908,11/4/2019 11:51
803397,11/4/2019 9:33
803709,11/4/2019 9:31
804063,11/4/2019 22:37
804341,11/4/2019 9:49
804467,11/4/2019 10:16
805660,11/4/2019 9:31
805804,11/4/2019 10:14
806078,2/24/2020 11:47
806381,11/4/2019 10:23
806639,11/4/2019 10:44
807145,11/4/2019 9:32
807272,11/4/2019 10:13
807985,11/4/2019 9:40
808763,11/5/2019 4:25
80923,11/5/2019 5:18
809953,11/4/2019 11:33
810111,11/4/2019 9:38
810244,11/4/2019 9:31
810728,11/10/2019 21:34
812137,11/4/2019 9:31
81334,11/5/2019 13:02
814985,11/4/2019 9:31
816090,11/4/2019 12:36
816323,11/4/2019 9:31
816489,11/4/2019 9:31
817181,11/4/2019 19:39
818191,11/19/2019 20:51
818860,11/4/2019 9:31
821038,11/4/2019 9:35
822460,11/4/2019 20:05
823688,2/5/2020 17:26
826661,11/4/2019 15:26
827417,11/4/2019 9:31
82906,11/15/2019 21:10
829619,11/4/2019 9:31
830090,11/4/2019 9:35
833353,4/8/2020 21:27
834150,11/6/2019 11:09
834559,11/4/2019 18:43
835164,11/4/2019 9:47
835734,11/4/2019 19:18
83592,11/5/2019 11:42
836088,11/4/2019 9:31
836856,11/4/2019 9:32
837643,11/5/2019 2:17
838770,11/4/2019 9:56
840062,5/18/2020 15:57
841085,11/4/2019 9:31
841542,11/4/2019 9:47
841824,11/4/2019 21:14
842135,11/4/2019 21:21
842256,11/4/2019 15:54
842416,11/4/2019 10:08
842715,11/4/2019 10:23
842964,11/4/2019 9:31
843475,11/4/2019 9:31
843558,2/17/2020 22:56
843849,11/4/2019 10:02
844778,11/4/2019 15:42
846086,11/4/2019 10:02
847682,11/4/2019 13:52
848040,11/4/2019 18:44
848374,11/7/2019 8:57
849175,11/4/2019 13:44
850291,11/4/2019 11:26
85063,11/29/2019 22:55
850877,11/4/2019 9:31
851492,11/5/2019 14:23
851882,11/4/2019 9:50
852729,11/4/2019 9:31
852865,11/7/2019 0:26
853512,11/4/2019 16:50
85407,11/4/2019 9:52
856248,11/4/2019 19:06
856632,11/4/2019 12:29
858249,11/4/2019 9:49
861373,11/4/2019 13:16
86156,11/4/2019 11:35
86183,11/4/2019 11:29
863062,11/4/2019 11:04
864309,11/5/2019 6:46
870184,11/4/2019 9:32
871634,11/5/2019 11:41
871828,11/4/2019 10:21
871944,11/6/2019 19:23
873106,11/4/2019 9:45
873499,11/4/2019 21:59
873754,11/4/2019 10:16
876110,11/4/2019 11:29
877287,11/4/2019 23:09
877562,11/4/2019 9:31
879398,11/4/2019 9:31
880398,11/4/2019 10:23
881791,11/4/2019 9:44
883899,11/4/2019 9:31
885214,11/4/2019 19:17
886059,11/4/2019 9:32
886803,11/4/2019 9:38
887219,11/4/2019 14:38
888122,11/4/2019 14:27
888872,11/4/2019 11:30
890067,11/4/2019 12:18
890772,12/4/2019 9:06
893040,11/4/2019 10:32
893589,11/4/2019 10:32
894368,11/4/2019 12:58
900,11/4/2019 14:41
901624,11/5/2019 19:25
902510,11/4/2019 11:13
902650,11/4/2019 10:49
902780,11/4/2019 10:46
903131,11/4/2019 11:52
903359,11/16/2019 18:38
903469,11/15/2019 16:27
903993,11/4/2019 10:19
904729,11/4/2019 9:58
91033,11/5/2019 9:19
91190,11/4/2019 15:55
914067,11/4/2019 9:52
914261,11/4/2019 9:59
916291,11/4/2019 9:42
917095,11/4/2019 10:24
917593,11/4/2019 21:35
918234,11/4/2019 10:59
919023,11/4/2019 9:31
919622,11/4/2019 9:33
921740,11/4/2019 12:08
921794,11/4/2019 9:39
922208,11/8/2019 7:44
922223,11/5/2019 11:21
922416,11/4/2019 15:56
925941,11/4/2019 9:35
931318,11/4/2019 10:08
931444,11/4/2019 15:49
93279,11/17/2019 18:09
934116,11/4/2019 12:55
934693,11/4/2019 9:37
936123,11/4/2019 20:14
938867,11/4/2019 12:01
939458,11/8/2019 11:40
939645,3/29/2020 11:52
939746,11/4/2019 13:33
939895,11/4/2019 10:51
940174,11/4/2019 9:52
940353,11/4/2019 13:28
940922,11/4/2019 9:31
942508,11/5/2019 9:08
943265,11/5/2019 7:12
9443,11/4/2019 16:41
954307,11/4/2019 22:33
954694,11/13/2019 18:19
954843,11/4/2019 12:12
955044,11/4/2019 10:53
955547,11/5/2019 19:06
955757,11/4/2019 9:47
957026,11/4/2019 22:43
957220,11/4/2019 17:28
958029,11/4/2019 17:47
958342,11/4/2019 11:08
958474,11/4/2019 11:46
959343,11/4/2019 17:40
959620,11/6/2019 13:51
960064,11/5/2019 22:38
960910,11/4/2019 10:42
961027,11/4/2019 9:37
961751,11/4/2019 10:03
961782,11/4/2019 10:36
969217,11/4/2019 18:14
97707,11/4/2019 13:12
980145,11/4/2019 12:01
9867,11/4/2019 10:42
994039,11/4/2019 10:12
999584,11/4/2019 11:37
3372897,11/4/2019 10:10
848407,11/4/2019 9:45
256700,11/4/2019 15:13
496359,11/4/2019 12:40
842038,11/4/2019 9:31
842713,11/4/2019 9:59
1003597,11/4/2019 17:58
102305,11/5/2019 7:04
106742,11/4/2019 20:58
110408,11/4/2019 14:02
126465,11/4/2019 9:45
15418,11/4/2019 15:05
161341,11/4/2019 9:37
179143,11/4/2019 10:10
187983,11/4/2019 15:35
189506,11/4/2019 9:52
196530,11/4/2019 10:37
201082,11/4/2019 9:31
205866,11/4/2019 9:34
218461,11/4/2019 10:10
22158,11/4/2019 9:46
228023,11/4/2019 10:02
230617,11/4/2019 9:45
242448,11/4/2019 16:10
244146,11/4/2019 9:31
252282,11/4/2019 12:21
257270,11/4/2019 9:38
263625,11/4/2019 11:09
267101,11/9/2019 11:16
273870,11/6/2019 2:32
292064,11/4/2019 9:48
302769,11/4/2019 11:07
311867,11/4/2019 9:52
3159303,11/4/2019 11:06
3192656,11/4/2019 13:13
3195753,11/4/2019 9:31
321999,11/5/2019 3:28
3248779,11/4/2019 11:39
325949,11/4/2019 9:53
337426,11/4/2019 10:13
353120,11/4/2019 10:28
360351,11/4/2019 10:16
365930,11/4/2019 14:50
384045,11/4/2019 9:56
38577,11/4/2019 11:42
391587,11/4/2019 10:01
395639,11/4/2019 9:34
395811,11/4/2019 9:54
400911,11/5/2019 9:24
404784,11/4/2019 12:07
409143,11/11/2019 7:50
410516,11/4/2019 15:35
411911,11/4/2019 15:07
416589,11/4/2019 11:20
417017,11/4/2019 18:16
420971,11/5/2019 22:40
421862,11/4/2019 17:50
438509,11/4/2019 15:50
442800,11/4/2019 14:51
449390,11/4/2019 9:35
449627,11/4/2019 17:28
473411,11/4/2019 9:36
482410,11/4/2019 13:11
483705,11/4/2019 11:20
495248,11/5/2019 13:13
50359,11/4/2019 9:32
507586,11/8/2019 22:34
509115,11/4/2019 9:31
509525,11/5/2019 16:36
511982,11/4/2019 11:24
517918,11/4/2019 11:43
520685,11/4/2019 10:06
521589,11/4/2019 9:54
57329,11/4/2019 9:48
580801,11/4/2019 9:52
581475,11/4/2019 9:58
587411,11/4/2019 11:28
594750,11/4/2019 10:16
595974,11/4/2019 9:47
602304,11/4/2019 14:32
611214,11/4/2019 9:31
616281,11/4/2019 9:32
619359,12/10/2019 15:00
625345,11/18/2019 4:51
631785,11/4/2019 20:12
637792,11/4/2019 9:34
638744,11/4/2019 9:32
642542,11/4/2019 15:05
645649,11/4/2019 11:38
648092,11/4/2019 9:31
651313,11/4/2019 9:43
658950,11/4/2019 9:37
659659,11/4/2019 9:49
668913,11/4/2019 12:10
672169,11/4/2019 9:31
67795,11/5/2019 17:14
681188,11/4/2019 9:41
689122,11/4/2019 12:49
696710,11/4/2019 10:03
700252,11/4/2019 9:56
703269,11/4/2019 10:21
703608,11/4/2019 23:52
704725,11/4/2019 13:10
706951,11/4/2019 9:55
709924,11/4/2019 19:58
713092,11/4/2019 9:55
713620,11/4/2019 9:31
716883,11/4/2019 10:48
719347,11/4/2019 10:13
719722,11/4/2019 9:33
721128,11/4/2019 10:02
723770,5/26/2020 16:51
724655,11/4/2019 10:21
733485,11/4/2019 11:00
734196,11/4/2019 9:36
740996,11/4/2019 20:41
745208,11/4/2019 16:38
745496,11/5/2019 0:43
748924,11/4/2019 9:47
754442,11/4/2019 15:52
756627,11/4/2019 18:07
759441,11/4/2019 9:53
763124,11/5/2019 12:33
766093,11/4/2019 14:40
772544,11/4/2019 9:54
772788,11/4/2019 9:32
775225,11/4/2019 12:30
780881,11/4/2019 11:37
781655,11/5/2019 8:29
784447,11/4/2019 13:26
790126,11/4/2019 10:19
792,11/5/2019 12:28
794877,11/4/2019 9:31
801023,11/4/2019 9:36
804363,11/4/2019 9:48
806636,11/4/2019 9:58
809164,11/4/2019 9:41
811757,11/4/2019 12:28
811953,11/4/2019 9:32
812269,11/4/2019 13:04
813105,11/4/2019 10:21
821118,11/4/2019 9:32
821446,11/4/2019 11:47
829671,11/4/2019 9:39
834011,11/4/2019 10:01
837942,11/4/2019 10:11
838111,11/4/2019 13:07
838610,11/6/2019 22:37
840585,11/4/2019 12:22
843136,11/4/2019 9:40
844098,11/6/2019 12:40
847220,11/4/2019 9:31
849457,11/4/2019 9:46
851164,11/4/2019 11:19
851343,11/4/2019 10:24
852028,11/5/2019 4:23
853570,11/4/2019 10:43
863883,11/7/2019 18:11
866213,11/4/2019 11:42
871869,11/4/2019 9:43
872133,11/4/2019 9:32
880929,11/4/2019 9:39
882855,11/4/2019 9:33
886283,11/6/2019 6:36
887798,11/4/2019 9:38
889791,11/4/2019 9:59
893417,11/4/2019 12:24
897903,11/4/2019 9:59
902578,11/4/2019 13:00
902738,11/5/2019 11:24
902922,11/4/2019 13:17
904056,11/4/2019 10:07
915114,11/4/2019 9:41
916511,11/4/2019 19:41
920947,11/4/2019 9:43
925345,11/4/2019 9:43
939092,11/6/2019 22:49
939670,11/4/2019 12:22
939844,11/4/2019 9:32
944831,11/4/2019 12:02
95180,11/4/2019 9:51
956830,11/4/2019 13:44
958049,11/4/2019 9:34
958779,5/11/2020 16:18
960978,11/4/2019 9:32
964571,11/4/2019 9:32
976219,11/4/2019 12:38
976717,11/4/2019 14:31
170083,11/4/2019 10:44
221247,11/4/2019 9:52
245886,11/4/2019 10:00
258259,11/4/2019 18:26
28181,11/4/2019 17:14
358765,11/4/2019 9:57
367894,11/4/2019 12:59
371592,11/4/2019 9:33
396420,11/4/2019 18:04
404481,11/4/2019 11:50
410548,11/4/2019 9:45
444104,11/4/2019 9:32
478476,11/4/2019 9:39
484394,11/4/2019 9:42
502988,11/4/2019 9:38
508672,11/4/2019 20:34
521519,11/4/2019 14:26
579338,11/5/2019 6:54
582820,11/4/2019 20:54
583769,11/4/2019 9:44
595506,11/4/2019 10:17
604998,11/4/2019 10:37
613192,11/5/2019 21:09
618342,11/4/2019 9:58
632098,11/4/2019 9:50
633492,11/4/2019 9:42
637979,11/4/2019 10:24
644598,11/4/2019 9:35
645694,11/27/2019 14:29
648238,11/5/2019 14:05
649464,11/6/2019 0:31
677850,11/5/2019 7:46
686234,11/4/2019 9:42
689395,11/4/2019 9:32
696721,11/4/2019 12:56
703337,11/4/2019 9:43
715438,11/4/2019 10:53
718912,11/4/2019 19:16
721644,11/4/2019 11:33
724801,11/4/2019 9:38
729113,11/4/2019 13:06
735412,11/4/2019 9:37
742119,11/4/2019 9:50
745310,11/4/2019 9:52
754263,11/4/2019 14:32
772815,11/4/2019 9:33
779120,6/20/2020 17:13
784917,11/4/2019 12:05
807996,11/4/2019 9:43
810267,11/4/2019 10:06
812835,11/4/2019 11:45
817647,11/4/2019 9:32
821295,11/4/2019 13:37
829797,11/4/2019 10:07
833611,11/4/2019 9:38
833648,11/4/2019 9:49
834980,11/4/2019 15:00
838841,11/4/2019 11:28
839910,11/4/2019 9:31
840963,11/4/2019 9:32
841639,11/4/2019 21:07
843229,11/5/2019 17:54
851859,11/10/2019 23:52
858912,11/4/2019 14:27
871962,11/4/2019 9:32
879007,11/4/2019 16:00
886949,11/4/2019 14:48
888312,11/4/2019 9:31
891151,11/4/2019 9:44
892965,11/4/2019 9:32
904093,11/4/2019 10:41
916891,11/4/2019 10:40
930500,11/4/2019 10:59
939752,11/4/2019 11:03
947201,11/4/2019 11:44
958045,11/4/2019 10:49
958419,11/4/2019 12:31
959093,11/4/2019 11:43
961687,11/4/2019 11:53
978319,11/4/2019 14:03
996566,11/4/2019 10:05
375199,11/4/2019 11:21
1002599,11/4/2019 17:30
248163,11/4/2019 12:08
38296,11/4/2019 9:51
479565,11/4/2019 10:26
495379,11/4/2019 9:32
511860,11/4/2019 9:35
521095,11/4/2019 15:48
636445,11/4/2019 11:40
68772,11/4/2019 12:31
714962,11/4/2019 10:45
721145,11/4/2019 9:47
821481,11/5/2019 19:00
832834,11/4/2019 13:35
914692,11/4/2019 9:32
19719,11/4/2019 9:43
483668,11/4/2019 9:51
815337,11/4/2019 9:34
370954,11/4/2019 10:27
140474,11/4/2019 23:37
178231,11/4/2019 9:44
200419,11/4/2019 9:44
225033,12/27/2019 19:29
226282,11/4/2019 14:05
258088,11/4/2019 9:56
269900,11/4/2019 9:55
3058169,11/4/2019 11:24
3152050,11/4/2019 21:11
3240383,11/4/2019 9:31
3374269,11/4/2019 10:37
3375352,11/4/2019 9:32
3380269,11/4/2019 14:21
3390629,5/13/2020 20:49
3395074,11/4/2019 10:53
3396281,11/4/2019 9:44
3397369,11/16/2019 12:34
3397602,11/4/2019 9:47
365934,11/4/2019 14:41
37082,11/4/2019 11:11
395813,11/4/2019 9:53
409263,11/4/2019 16:13
421279,11/4/2019 10:10
468614,11/4/2019 10:06
491220,11/5/2019 10:26
5126,11/4/2019 14:29
582450,11/4/2019 12:01
588294,11/4/2019 9:47
600794,11/4/2019 12:58
603377,11/4/2019 9:33
604946,11/4/2019 9:51
607038,11/4/2019 14:35
613328,11/4/2019 12:49
614221,11/5/2019 12:50
614425,11/26/2019 12:21
614595,11/4/2019 10:00
617021,11/4/2019 10:04
624826,11/5/2019 11:58
629459,11/5/2019 14:26
634922,11/4/2019 10:45
639066,11/5/2019 14:30
643159,11/4/2019 11:04
668823,11/4/2019 9:34
67256,11/4/2019 10:19
68373,11/4/2019 11:02
702852,11/4/2019 9:32
704893,11/4/2019 9:48
705250,11/4/2019 18:30
707181,11/4/2019 9:46
707831,11/4/2019 21:17
713622,11/4/2019 13:23
716206,11/4/2019 9:32
722864,11/4/2019 9:34
724948,11/4/2019 9:46
730273,11/4/2019 10:14
733421,11/4/2019 9:45
741410,11/4/2019 11:19
744645,11/4/2019 9:38
747654,12/11/2019 14:08
751690,11/4/2019 10:31
754458,11/4/2019 9:56
761152,11/4/2019 12:41
762599,11/8/2019 16:39
768762,11/4/2019 9:32
769847,11/4/2019 14:37
771983,11/4/2019 9:33
772134,11/4/2019 9:35
772405,11/4/2019 20:52
772452,11/4/2019 10:20
776238,11/4/2019 9:47
777321,11/4/2019 10:02
779878,11/4/2019 9:40
780934,11/4/2019 9:32
781056,11/4/2019 10:11
783040,11/4/2019 9:41
784772,11/4/2019 9:33
785162,11/4/2019 13:47
786100,11/4/2019 10:08
786221,11/19/2019 8:13
786869,11/4/2019 10:39
787388,11/4/2019 9:42
787498,11/4/2019 10:59
790792,11/4/2019 9:57
797765,11/4/2019 9:35
800804,11/4/2019 12:56
803561,11/4/2019 16:50
807171,11/4/2019 9:31
808119,11/4/2019 15:12
808492,11/4/2019 11:30
809100,11/4/2019 18:06
810193,11/4/2019 9:46
811171,11/4/2019 9:32
811624,11/4/2019 21:17
812540,11/4/2019 21:14
813072,11/4/2019 10:46
816496,11/4/2019 11:11
822956,11/4/2019 9:44
827454,11/4/2019 13:27
828493,11/4/2019 9:53
830255,11/4/2019 10:02
830741,11/4/2019 14:54
833244,11/8/2019 18:25
834341,11/4/2019 14:52
838175,11/4/2019 9:49
838219,11/4/2019 10:13
839259,11/4/2019 9:32
840286,11/4/2019 9:31
840617,11/13/2019 5:48
841592,11/4/2019 9:58
841983,11/6/2019 21:21
843618,11/4/2019 10:02
845580,11/4/2019 9:46
846412,11/4/2019 9:32
853525,11/4/2019 9:32
875479,11/4/2019 9:32
920079,11/4/2019 10:14
942295,11/4/2019 9:34
353234,11/4/2019 10:37
376272,11/4/2019 14:06
17087,11/4/2019 11:38
622069,11/4/2019 10:54
328893,11/4/2019 10:10
3400830,11/4/2019 9:33
3402277,11/4/2019 10:25
3402719,11/5/2019 0:58
3403024,11/4/2019 9:54
3403427,11/4/2019 12:29
3403621,11/4/2019 12:08
3404228,11/5/2019 9:38
753129,11/4/2019 14:11
335871,11/4/2019 9:32
273915,11/4/2019 11:16
3402152,11/4/2019 9:31
716128,11/5/2019 6:47
222048,11/5/2019 12:40
458908,11/4/2019 10:37
146456,11/4/2019 15:26
588813,11/4/2019 10:33
503854,11/4/2019 9:37
243617,11/4/2019 12:26
422127,11/4/2019 10:11
583952,11/4/2019 18:35
29081,11/4/2019 9:41
756145,11/4/2019 10:05
3449083,11/4/2019 9:36
481647,11/4/2019 18:46
262080,11/4/2019 9:45
123121,11/4/2019 9:54
890198,11/4/2019 9:31
3473769,11/4/2019 9:42
278162,11/4/2019 12:53
3481077,11/4/2019 19:43
177366,11/4/2019 10:12
683462,11/4/2019 17:43
715410,11/4/2019 13:21
443575,11/4/2019 11:46
321805,11/4/2019 9:57
31377,11/4/2019 19:53
443036,11/4/2019 9:40
590932,11/5/2019 17:14
856373,11/4/2019 11:11
834834,11/4/2019 17:51
648936,11/4/2019 22:59
107819,11/7/2019 8:18
115256,11/5/2019 8:44
124503,11/4/2019 10:05
1306,11/4/2019 18:04
142257,11/4/2019 20:56
14312,11/4/2019 10:06
14587,11/4/2019 9:30
175026,11/4/2019 10:07
194596,11/4/2019 9:54
195344,11/4/2019 9:38
202073,11/4/2019 10:33
20876,11/4/2019 11:42
21302,11/4/2019 10:13
22373,11/9/2019 1:04
231498,11/4/2019 10:14
248329,11/4/2019 11:33
252576,11/4/2019 9:31
254994,11/4/2019 10:27
267642,11/4/2019 10:19
272152,11/4/2019 18:47
275875,11/4/2019 15:35
292966,11/4/2019 9:33
294442,11/14/2019 9:21
309243,11/4/2019 11:23
316768,11/4/2019 9:53
318066,11/4/2019 9:41
318577,11/4/2019 9:49
32359,11/4/2019 9:59
325904,11/4/2019 9:54
326570,11/4/2019 20:13
328804,11/4/2019 17:55
329998,11/4/2019 9:54
332954,11/4/2019 20:27
33442,11/4/2019 10:22
347585,11/5/2019 5:40
35212,11/4/2019 9:33
36377,11/4/2019 21:42
36683,11/4/2019 13:43
370542,11/4/2019 11:42
380795,11/4/2019 16:37
382738,11/4/2019 10:04
389804,11/4/2019 11:53
395937,11/4/2019 9:38
39718,11/4/2019 11:33
399574,11/5/2019 0:55
406595,11/4/2019 18:43
416739,11/5/2019 16:27
426727,11/4/2019 11:54
432087,11/4/2019 21:23
449736,11/4/2019 11:07
452963,11/4/2019 11:22
4578,11/4/2019 12:11
475744,11/4/2019 15:05
4769,11/4/2019 9:33
491963,11/4/2019 9:50
495455,11/4/2019 10:05
51592,11/5/2019 16:04
516128,11/4/2019 20:28
518080,11/4/2019 13:05
55641,11/4/2019 10:23
584578,11/4/2019 14:59
588827,11/4/2019 9:35
592567,11/4/2019 21:12
594999,11/4/2019 11:36
610172,11/4/2019 10:23
614131,11/4/2019 9:47
6193,11/4/2019 9:30
622573,11/4/2019 13:45
628363,11/30/2019 22:17
636202,11/4/2019 9:42
636403,11/4/2019 10:45
645594,11/4/2019 9:30
67299,11/6/2019 2:05
69070,11/5/2019 8:07
719278,11/5/2019 18:24
74730,11/4/2019 11:50
77386,11/4/2019 20:39
8301,11/5/2019 0:58
833816,11/4/2019 16:36
86705,11/4/2019 15:00
9375,11/4/2019 10:38
96929,11/4/2019 9:36
986505,11/4/2019 9:53
330794,11/4/2019 10:16
912182,11/4/2019 11:54
3030846,11/4/2019 11:06
3105563,11/4/2019 10:34
3109123,11/4/2019 10:10
3155200,11/4/2019 9:31
3192743,11/4/2019 15:32
3216089,11/4/2019 16:04
17071,11/4/2019 10:05
286131,11/20/2019 1:44
348869,11/4/2019 11:13
398976,11/5/2019 0:46
432185,11/5/2019 3:51
484666,11/4/2019 22:15
495505,11/4/2019 9:35
521850,11/4/2019 16:06
709799,11/4/2019 10:28
818313,11/4/2019 11:22
941234,11/4/2019 11:40
965696,11/4/2019 14:56
271756,11/4/2019 11:28
420158,11/4/2019 19:06
447528,11/4/2019 10:02
591788,11/5/2019 16:54
596999,11/4/2019 10:07
641944,11/4/2019 13:34
665440,11/4/2019 9:31
678622,11/5/2019 18:41
694153,11/4/2019 11:10
704060,11/4/2019 9:30
740808,11/4/2019 21:37
761436,11/4/2019 9:31
777449,11/4/2019 11:05
789868,11/4/2019 9:43
810769,11/4/2019 10:05
850757,11/4/2019 10:12
893490,11/4/2019 9:33
896818,4/18/2020 11:32
902511,11/4/2019 10:09
924468,11/4/2019 9:30
927301,11/4/2019 11:03
931936,11/4/2019 21:29
936871,11/4/2019 9:58
949281,12/27/2019 6:54
959826,11/4/2019 9:58
17798,11/4/2019 9:56
227732,11/4/2019 9:38
246670,11/4/2019 11:58
28440,11/4/2019 11:00
29169,11/4/2019 11:49
304001,11/4/2019 13:34
305620,11/9/2019 6:23
320372,11/5/2019 15:47
324351,11/5/2019 6:20
330419,11/4/2019 10:22
341641,11/5/2019 14:21
347575,11/4/2019 12:43
396271,11/4/2019 9:35
413314,11/4/2019 9:39
422235,11/6/2019 8:21
427918,11/5/2019 8:39
433075,5/14/2020 10:46
433184,11/4/2019 10:14
439700,11/5/2019 0:05
472391,11/4/2019 9:32
48610,11/12/2019 2:31
488914,11/4/2019 10:11
628329,11/4/2019 9:33
720452,11/4/2019 15:47
982901,11/6/2019 17:47
992755,11/20/2019 20:46
404446,11/4/2019 10:39
1003102,11/5/2019 12:00
1003226,11/4/2019 10:17
1004278,11/4/2019 9:30
1009043,11/4/2019 12:07
101102,11/4/2019 18:37
1012170,11/4/2019 11:28
10135,11/4/2019 9:31
102681,11/4/2019 14:41
10425,11/5/2019 8:14
107912,11/4/2019 10:02
10890,11/4/2019 10:49
10927,11/4/2019 10:41
109871,11/4/2019 11:26
110782,11/4/2019 20:41
11189,11/4/2019 9:51
113524,11/4/2019 14:46
114691,11/5/2019 3:09
117378,11/4/2019 12:19
117501,11/4/2019 10:10
11817,11/4/2019 17:22
118823,11/4/2019 11:32
118898,11/4/2019 15:27
118918,11/4/2019 9:38
119214,11/4/2019 10:54
119378,11/4/2019 9:30
120166,11/4/2019 10:10
120177,11/4/2019 10:19
120990,11/4/2019 10:15
121192,11/4/2019 10:40
12190,11/4/2019 11:51
122804,11/4/2019 10:20
122820,11/4/2019 10:21
12323,11/4/2019 15:55
123395,11/4/2019 9:31
123401,11/4/2019 9:48
123481,11/4/2019 13:50
12383,11/4/2019 11:02
124694,11/4/2019 10:19
125116,11/4/2019 9:38
12514,11/4/2019 9:35
125144,11/4/2019 15:26
12520,11/4/2019 9:35
125426,11/4/2019 9:35
125815,1/5/2020 0:02
126255,11/5/2019 0:38
126274,11/4/2019 12:49
126748,11/4/2019 10:27
126781,11/4/2019 10:12
126850,11/4/2019 9:41
12734,11/4/2019 9:33
127445,11/4/2019 9:58
127539,11/5/2019 1:10
127940,11/4/2019 11:47
12815,11/4/2019 12:22
130092,11/6/2019 7:56
130103,11/4/2019 9:32
130838,11/4/2019 14:52
130889,11/4/2019 18:27
131382,11/4/2019 9:44
1315,11/4/2019 22:32
131692,11/4/2019 9:43
13219,11/4/2019 10:01
13242,11/4/2019 9:43
132809,11/4/2019 9:58
133008,11/4/2019 11:06
133029,11/4/2019 14:53
133140,11/5/2019 0:02
133445,11/4/2019 9:37
13456,11/4/2019 9:30
134686,11/4/2019 14:48
134696,11/4/2019 11:34
136120,11/4/2019 9:43
137883,11/4/2019 9:32
13795,11/5/2019 13:51
138370,11/4/2019 13:39
13839,11/4/2019 18:34
138501,11/4/2019 18:28
138612,11/4/2019 18:37
13937,11/4/2019 11:56
139701,11/4/2019 9:41
142522,11/4/2019 10:10
142591,11/4/2019 9:31
143158,11/6/2019 7:22
144645,11/4/2019 9:44
14588,11/4/2019 19:05
145942,11/4/2019 11:14
146484,11/5/2019 14:09
146513,11/5/2019 11:44
14692,11/4/2019 9:48
150177,11/4/2019 11:41
151157,11/5/2019 8:36
15197,11/6/2019 5:03
15351,11/4/2019 9:48
15542,11/4/2019 11:18
15682,11/4/2019 10:05
15734,11/4/2019 13:38
15771,11/4/2019 9:37
15912,11/4/2019 9:54
160261,11/4/2019 13:06
162159,11/4/2019 10:45
164245,11/4/2019 10:33
164405,11/4/2019 9:35
16547,11/6/2019 5:38
16601,11/4/2019 9:50
16714,11/4/2019 17:47
168262,11/4/2019 12:34
169105,11/4/2019 15:37
17033,11/4/2019 13:53
172301,11/4/2019 12:26
173288,11/4/2019 10:58
17563,11/4/2019 9:31
179195,11/4/2019 10:54
18017,11/4/2019 10:54
180707,11/4/2019 10:19
181606,11/4/2019 12:20
183945,11/4/2019 10:25
184274,11/4/2019 15:19
186204,11/4/2019 9:44
186465,11/5/2019 12:18
18702,11/4/2019 11:06
187845,11/9/2019 10:36
189299,11/4/2019 10:17
190085,11/4/2019 11:24
190852,11/4/2019 10:25
192148,11/4/2019 11:05
194167,11/4/2019 14:06
194569,11/4/2019 9:36
195492,11/4/2019 23:25
196215,11/4/2019 10:44
19676,11/4/2019 9:55
198855,11/4/2019 15:22
199720,11/4/2019 19:21
200635,11/4/2019 9:33
201070,11/4/2019 10:16
20134,11/4/2019 13:00
20221,11/8/2019 21:46
203548,11/28/2019 9:32
204486,11/4/2019 9:34
205048,11/4/2019 10:01
20527,11/4/2019 10:00
20763,11/4/2019 19:32
208403,11/4/2019 10:09
209233,11/4/2019 9:31
2097,11/4/2019 9:47
210311,11/4/2019 12:46
211690,11/4/2019 9:40
213111,11/4/2019 9:30
2134,11/4/2019 16:20
214931,11/4/2019 10:48
215546,11/4/2019 10:59
216833,11/4/2019 9:32
21705,11/4/2019 9:47
217981,11/4/2019 9:54
218259,11/4/2019 21:17
219339,11/4/2019 11:29
219642,11/4/2019 17:13
220733,11/5/2019 17:25
221308,11/4/2019 21:04
22210,11/4/2019 10:37
222459,11/4/2019 10:53
222645,11/4/2019 10:51
224000,11/4/2019 10:33
224308,11/4/2019 12:02
224554,11/4/2019 15:38
226271,11/4/2019 22:41
226459,11/4/2019 21:19
226715,11/4/2019 9:57
227697,11/4/2019 10:00
23099,11/4/2019 10:47
231477,11/4/2019 13:10
232029,11/4/2019 9:57
232688,11/4/2019 15:25
232847,11/4/2019 10:44
233665,11/4/2019 13:40
234555,11/4/2019 11:08
235095,11/6/2019 2:23
237183,11/4/2019 12:56
237426,11/4/2019 9:54
237692,11/4/2019 11:22
238000,11/4/2019 10:00
238247,11/4/2019 11:22
238515,11/4/2019 9:32
238673,11/4/2019 10:01
239830,11/4/2019 11:33
240130,11/5/2019 7:24
240226,11/5/2019 21:10
240454,11/4/2019 16:34
241699,11/4/2019 9:42
243359,11/4/2019 12:15
244298,11/4/2019 10:25
24512,12/28/2019 15:09
245434,11/4/2019 12:31
245685,11/4/2019 14:00
245750,11/4/2019 19:27
246245,11/8/2019 14:50
247129,11/4/2019 10:22
248826,11/4/2019 9:40
248933,11/4/2019 9:40
250619,11/4/2019 9:31
250944,11/5/2019 22:56
251846,11/4/2019 9:49
253704,11/5/2019 8:03
254853,11/4/2019 11:44
25516,11/4/2019 11:52
256973,11/4/2019 9:30
257300,11/4/2019 10:28
258497,11/4/2019 9:57
259675,11/4/2019 11:15
259727,11/5/2019 22:55
260233,11/4/2019 13:30
261046,11/4/2019 11:02
261865,11/4/2019 10:36
262967,11/5/2019 8:02
263692,11/4/2019 9:32
263971,11/4/2019 10:21
264435,11/4/2019 9:50
265339,11/4/2019 10:01
265708,11/4/2019 10:15
265884,11/4/2019 11:32
266968,11/4/2019 9:32
269313,11/4/2019 10:32
269528,11/4/2019 16:55
270358,11/4/2019 9:34
27071,11/4/2019 14:58
271493,11/4/2019 11:34
272003,11/4/2019 16:02
272589,11/4/2019 12:01
273101,11/4/2019 11:13
273995,11/4/2019 10:01
274687,11/4/2019 9:57
27605,11/4/2019 13:41
276155,11/4/2019 9:31
276287,11/4/2019 18:46
276703,11/4/2019 9:34
277212,11/4/2019 9:30
278017,11/4/2019 11:13
278897,11/4/2019 10:45
280507,11/4/2019 15:03
281605,2/10/2020 11:23
28441,11/4/2019 10:17
286520,11/4/2019 9:30
287391,11/14/2019 19:21
288016,11/4/2019 10:43
288995,11/4/2019 16:53
289996,11/4/2019 11:09
290287,11/4/2019 12:25
29049,11/4/2019 16:02
291204,11/4/2019 9:38
291954,11/4/2019 22:41
292458,11/13/2019 17:09
292597,11/4/2019 11:28
293352,11/4/2019 9:47
293590,11/4/2019 21:35
294605,11/4/2019 15:16
294715,11/4/2019 11:47
294948,11/4/2019 14:41
30911,11/4/2019 9:54
309965,11/4/2019 14:51
310256,11/4/2019 11:50
310351,11/4/2019 9:49
310568,11/4/2019 13:10
31097,11/4/2019 10:53
311272,11/4/2019 10:39
311906,11/4/2019 9:58
312894,11/5/2019 7:26
313678,11/4/2019 10:21
314060,11/4/2019 9:47
314846,11/4/2019 11:22
315302,11/4/2019 10:26
315511,11/4/2019 9:58
316291,11/4/2019 10:05
316776,11/4/2019 10:03
317183,11/5/2019 0:12
318675,11/4/2019 9:34
318841,11/8/2019 16:05
319434,11/4/2019 9:59
319810,11/4/2019 10:24
320057,11/4/2019 14:32
320932,11/4/2019 9:46
321004,11/4/2019 10:05
321242,11/4/2019 19:03
32188,11/4/2019 9:35
322489,11/4/2019 18:14
323035,11/4/2019 17:54
323503,11/4/2019 10:18
323863,11/4/2019 11:18
323962,11/7/2019 13:49
324279,11/4/2019 10:01
324498,11/4/2019 11:10
325180,11/4/2019 10:03
325774,11/4/2019 21:30
326096,11/4/2019 16:23
326846,11/4/2019 10:55
327050,11/4/2019 12:04
328302,11/4/2019 10:47
328844,11/4/2019 13:39
330017,11/4/2019 9:30
330277,11/4/2019 13:30
333130,11/4/2019 15:15
33405,11/4/2019 11:18
33511,11/4/2019 11:16
336179,11/4/2019 9:32
336826,11/4/2019 9:31
337056,11/4/2019 9:42
337187,11/4/2019 11:36
338252,11/4/2019 14:20
339181,11/4/2019 9:31
341160,11/4/2019 11:27
341394,11/4/2019 13:28
34235,11/4/2019 10:43
343768,11/4/2019 17:29
343918,11/4/2019 9:45
344851,11/4/2019 12:34
346153,11/4/2019 10:06
348710,11/4/2019 10:05
349034,11/10/2019 21:58
349085,11/4/2019 9:56
349353,11/4/2019 10:23
353467,11/4/2019 16:00
353479,11/5/2019 13:04
353972,11/4/2019 9:32
357846,11/7/2019 12:53
358673,11/4/2019 10:41
35881,11/4/2019 9:55
363197,11/4/2019 12:34
364311,11/4/2019 9:38
364467,11/4/2019 12:27
36465,11/4/2019 10:33
365941,11/4/2019 13:43
366034,11/4/2019 13:29
367770,11/4/2019 11:03
368313,11/4/2019 9:47
369497,11/4/2019 9:58
370020,11/4/2019 10:01
370862,11/4/2019 10:05
371076,11/6/2019 3:31
37118,11/4/2019 21:24
371495,11/4/2019 9:38
371698,11/4/2019 16:11
372263,11/4/2019 9:50
372312,11/4/2019 9:42
372874,11/4/2019 10:03
373643,11/4/2019 9:54
374237,11/5/2019 14:23
374323,12/6/2019 5:25
375123,11/4/2019 9:31
378404,11/4/2019 15:38
379604,11/4/2019 9:56
380425,11/4/2019 9:37
381914,11/4/2019 11:57
382306,11/4/2019 9:56
382570,11/4/2019 9:31
382937,11/4/2019 11:22
383006,11/4/2019 10:42
384438,11/4/2019 9:54
384569,11/4/2019 10:02
38624,11/4/2019 10:37
389744,11/4/2019 9:41
390022,11/4/2019 18:34
39031,11/4/2019 9:50
390439,11/4/2019 9:47
390674,11/4/2019 9:33
390795,11/4/2019 14:54
392118,11/4/2019 20:24
394851,11/5/2019 20:11
395205,11/4/2019 9:43
395456,11/4/2019 10:16
396397,11/4/2019 9:31
396643,11/4/2019 9:52
39693,11/4/2019 11:42
397331,11/4/2019 14:24
397402,11/4/2019 10:39
398488,11/4/2019 13:51
398631,11/4/2019 19:57
398898,11/4/2019 9:43
400864,11/4/2019 10:25
401709,11/4/2019 10:09
402553,11/4/2019 17:01
405393,11/4/2019 9:47
405420,11/27/2019 13:55
406147,4/28/2020 21:33
406682,11/4/2019 9:31
408639,11/4/2019 9:33
409243,11/4/2019 9:34
409788,11/4/2019 10:11
410121,11/4/2019 20:51
410350,11/4/2019 10:21
410569,11/4/2019 11:41
411193,11/4/2019 9:42
411511,11/4/2019 9:50
412087,11/4/2019 11:25
412630,11/4/2019 10:03
413573,11/4/2019 9:40
413673,11/4/2019 10:25
416089,11/4/2019 11:22
416359,11/4/2019 9:39
417534,11/4/2019 10:01
417866,11/4/2019 15:35
418681,11/4/2019 21:05
420704,11/4/2019 9:30
421320,11/4/2019 9:51
421697,11/4/2019 13:08
422003,11/4/2019 9:31
424002,11/4/2019 11:19
424762,11/4/2019 17:23
425652,11/5/2019 14:53
426949,11/4/2019 11:46
427842,11/4/2019 12:10
428781,11/4/2019 11:33
429476,11/4/2019 9:37
430973,11/4/2019 9:47
431111,11/4/2019 10:05
431714,11/4/2019 10:18
432668,11/4/2019 9:44
432978,11/5/2019 8:06
433605,11/4/2019 10:11
434689,11/4/2019 9:31
435077,11/4/2019 9:33
435854,11/4/2019 18:56
436085,11/4/2019 9:31
437196,11/4/2019 9:42
438742,11/4/2019 9:40
438895,11/4/2019 11:09
439708,11/4/2019 14:38
441908,11/4/2019 14:08
442368,11/4/2019 10:01
442492,11/5/2019 23:14
442651,11/4/2019 9:37
442930,11/4/2019 10:02
443054,11/4/2019 22:36
443087,11/4/2019 9:52
443442,11/4/2019 11:10
443782,11/4/2019 11:49
443847,11/4/2019 9:57
444116,11/4/2019 19:48
444130,11/5/2019 16:09
444132,11/4/2019 9:37
444148,12/11/2019 16:35
444480,11/16/2019 13:50
444542,11/4/2019 10:06
444755,11/4/2019 12:00
445017,11/4/2019 9:50
445821,11/4/2019 10:01
446103,11/4/2019 10:30
448266,11/4/2019 14:51
450257,11/4/2019 17:00
450786,11/4/2019 9:42
451539,11/4/2019 14:52
452791,11/4/2019 13:09
452902,11/4/2019 11:25
453529,11/4/2019 9:31
453682,11/4/2019 20:46
455806,11/4/2019 10:40
455857,11/16/2019 6:37
456212,11/4/2019 9:40
456437,11/4/2019 21:43
457150,11/4/2019 9:31
458245,11/4/2019 13:18
458305,11/4/2019 9:44
458455,11/4/2019 9:30
458459,11/4/2019 10:50
458969,11/4/2019 9:31
459511,11/4/2019 14:18
460357,11/4/2019 9:36
462657,11/4/2019 9:36
463674,11/4/2019 9:34
465723,11/4/2019 9:35
466567,11/7/2019 8:02
468584,11/4/2019 12:52
468745,11/5/2019 8:56
468935,11/4/2019 9:33
469157,11/4/2019 9:49
469523,11/4/2019 9:31
469954,11/4/2019 9:31
469970,11/4/2019 9:32
470227,11/5/2019 0:21
470600,11/4/2019 10:23
470901,11/4/2019 9:57
471230,11/6/2019 9:02
471344,11/4/2019 9:55
471534,11/4/2019 9:35
471541,11/4/2019 9:48
472120,11/4/2019 11:22
472634,11/5/2019 5:48
472739,11/4/2019 15:58
474991,11/4/2019 9:56
475749,11/4/2019 9:30
475870,11/4/2019 13:08
475994,11/4/2019 9:56
476245,11/4/2019 19:32
476710,11/4/2019 11:38
477082,11/4/2019 9:32
477261,11/4/2019 14:26
478173,11/4/2019 12:04
478544,11/4/2019 10:25
478804,11/4/2019 12:08
478905,11/4/2019 11:25
479366,11/5/2019 7:38
479624,11/4/2019 9:31
481352,11/7/2019 7:40
481489,11/4/2019 12:02
481662,11/4/2019 14:23
482350,11/4/2019 10:04
482428,11/4/2019 10:36
482815,11/4/2019 11:18
483025,11/4/2019 9:36
483441,11/4/2019 11:14
483726,11/4/2019 22:15
484127,11/4/2019 9:31
484569,11/4/2019 9:36
485367,11/4/2019 9:40
487675,11/5/2019 1:46
488558,11/11/2019 22:17
488960,11/17/2019 14:15
48924,11/4/2019 10:49
489399,11/4/2019 11:14
489501,11/4/2019 9:38
489505,11/4/2019 9:34
490813,11/4/2019 9:58
491367,11/4/2019 9:31
491843,11/4/2019 9:33
492465,11/4/2019 13:15
493043,11/5/2019 11:41
493378,11/4/2019 10:29
493433,11/4/2019 19:45
493921,11/4/2019 10:59
494046,11/4/2019 9:32
494146,11/4/2019 9:36
494202,11/4/2019 9:33
494414,11/4/2019 10:26
494911,11/4/2019 9:40
495210,11/4/2019 10:15
495524,11/4/2019 9:55
495795,11/4/2019 9:51
497245,11/4/2019 9:47
499103,11/4/2019 9:55
500038,11/4/2019 12:29
50027,11/4/2019 9:50
501,11/4/2019 11:53
501486,11/4/2019 9:38
50189,11/4/2019 9:37
502586,11/4/2019 9:51
502844,11/4/2019 9:35
503134,11/4/2019 13:29
503194,11/5/2019 6:10
504330,11/5/2019 23:59
505927,11/4/2019 9:54
506218,4/21/2020 21:53
506643,11/4/2019 10:35
507994,11/4/2019 9:44
508216,11/4/2019 10:10
508671,11/4/2019 9:55
508933,11/4/2019 11:01
509030,11/4/2019 20:39
509187,11/4/2019 14:14
509426,11/4/2019 11:00
509865,11/4/2019 19:19
510067,11/4/2019 9:34
510165,11/4/2019 10:02
510653,11/4/2019 13:44
510750,11/4/2019 9:32
511379,11/4/2019 14:26
513027,11/4/2019 15:37
513794,11/4/2019 9:37
513971,11/4/2019 10:21
516029,11/4/2019 9:35
517647,11/4/2019 9:44
517829,11/4/2019 10:10
518303,11/8/2019 7:26
518508,11/4/2019 11:34
518750,11/8/2019 15:48
520649,11/4/2019 10:20
521005,11/4/2019 11:57
521359,11/4/2019 9:48
522591,11/4/2019 10:27
53163,11/4/2019 18:25
53197,11/4/2019 11:23
534833,11/4/2019 10:23
546134,11/4/2019 9:40
546945,11/4/2019 11:39
54767,11/4/2019 10:43
5586,11/4/2019 11:11
56246,11/5/2019 10:07
57244,11/4/2019 10:05
579128,11/4/2019 9:39
579365,11/4/2019 11:23
579681,11/4/2019 10:29
579827,11/4/2019 10:21
579924,11/5/2019 10:21
580377,11/4/2019 9:48
580928,11/4/2019 10:31
581029,11/4/2019 9:31
581172,11/4/2019 12:29
581398,11/4/2019 21:14
581876,11/4/2019 13:37
582360,11/4/2019 20:10
582628,11/4/2019 17:44
582708,11/4/2019 10:02
582782,11/4/2019 10:32
582876,11/4/2019 9:44
58333,11/4/2019 23:45
583555,11/4/2019 10:14
583923,11/10/2019 2:14
584095,11/4/2019 11:05
584592,11/5/2019 8:20
584783,11/4/2019 11:29
584810,11/4/2019 9:37
585696,2/1/2020 12:51
587428,11/4/2019 20:28
587713,11/4/2019 9:30
588222,11/6/2019 8:11
589067,11/4/2019 9:50
589464,11/4/2019 9:51
589924,11/5/2019 10:45
590741,11/4/2019 9:31
591228,11/4/2019 9:32
591464,11/4/2019 9:46
591541,11/4/2019 18:14
591618,11/4/2019 9:31
59233,11/4/2019 11:58
592825,12/4/2019 23:02
593200,11/4/2019 17:31
593591,11/4/2019 10:19
593874,11/4/2019 10:08
594058,11/4/2019 9:49
594748,11/4/2019 12:22
595156,11/4/2019 9:35
595517,11/4/2019 9:42
595967,11/5/2019 10:25
596697,11/4/2019 11:38
597302,11/7/2019 12:10
597512,11/4/2019 9:40
598506,11/4/2019 9:35
598840,2/28/2020 23:23
601022,11/4/2019 9:50
602581,11/4/2019 12:13
603743,11/4/2019 16:32
604914,11/4/2019 17:37
605075,11/4/2019 17:46
605455,11/4/2019 9:39
605695,11/4/2019 11:33
606184,11/4/2019 13:34
606274,11/4/2019 12:04
606654,11/4/2019 9:34
607157,11/4/2019 10:54
608681,11/4/2019 9:40
609855,11/4/2019 13:05
611319,11/4/2019 9:58
611532,11/7/2019 15:16
612463,11/4/2019 16:05
612732,11/4/2019 10:22
612985,11/4/2019 18:08
613040,11/4/2019 21:26
613075,11/4/2019 16:52
613553,11/20/2019 8:43
613787,11/4/2019 9:56
614114,12/6/2019 18:27
614330,11/4/2019 11:38
614468,11/4/2019 9:58
616054,11/5/2019 19:53
616203,11/4/2019 13:36
616647,11/5/2019 22:51
616960,11/4/2019 12:18
617712,11/4/2019 12:43
618047,11/4/2019 9:35
619022,11/4/2019 22:46
620241,12/9/2019 15:49
621752,11/4/2019 13:24
621911,11/4/2019 15:25
623213,11/4/2019 10:57
626167,11/15/2019 16:05
627287,11/4/2019 9:31
628882,11/4/2019 10:33
629945,11/4/2019 11:11
630475,11/4/2019 9:50
631458,11/4/2019 11:09
631523,11/4/2019 11:44
632127,11/4/2019 19:54
632227,11/4/2019 9:31
633707,11/4/2019 9:39
635217,11/4/2019 9:49
636772,11/4/2019 9:42
638413,11/5/2019 10:25
639034,11/4/2019 9:32
640012,11/4/2019 10:07
640988,11/4/2019 11:55
641134,11/4/2019 15:02
642346,11/4/2019 9:31
642561,11/4/2019 11:43
642824,11/4/2019 9:31
643672,11/4/2019 9:32
644155,11/4/2019 10:13
644476,11/4/2019 13:16
644900,11/4/2019 22:08
645972,11/4/2019 16:21
646266,11/8/2019 16:23
646448,11/4/2019 12:18
647260,11/4/2019 9:33
648039,11/26/2019 16:04
648538,2/9/2020 20:06
649355,11/4/2019 16:49
649660,11/5/2019 15:50
649895,11/4/2019 9:31
650115,11/4/2019 9:35
651129,11/4/2019 9:31
651300,11/4/2019 10:33
651563,11/4/2019 9:53
652641,11/4/2019 14:18
652693,11/4/2019 9:39
657436,11/4/2019 10:11
657585,11/4/2019 9:31
658223,11/9/2019 17:50
659455,11/4/2019 9:37
660322,11/4/2019 9:57
66232,11/4/2019 10:25
662582,11/4/2019 9:49
664527,11/4/2019 9:33
664804,11/4/2019 12:31
665402,11/4/2019 9:31
665521,11/4/2019 9:45
667,11/4/2019 13:48
667108,11/4/2019 9:33
667524,11/4/2019 12:26
667924,11/4/2019 10:45
668436,11/4/2019 9:31
668767,11/4/2019 18:26
669677,11/4/2019 20:56
670608,11/4/2019 9:33
671131,11/4/2019 20:51
671652,11/4/2019 19:25
671815,11/4/2019 9:32
672726,11/4/2019 11:29
6736,11/4/2019 13:54
674769,11/4/2019 9:45
676115,11/4/2019 9:47
676459,11/4/2019 9:34
677495,11/4/2019 12:20
679390,11/4/2019 9:40
680039,11/4/2019 10:57
681461,11/4/2019 9:35
683017,11/4/2019 10:31
684193,11/5/2019 3:18
684805,11/12/2019 12:52
685332,11/5/2019 7:08
686557,11/4/2019 9:31
687537,11/4/2019 9:38
688437,11/4/2019 17:01
688915,11/4/2019 17:13
689364,11/4/2019 11:51
690773,11/4/2019 9:39
691397,11/5/2019 12:11
691743,11/4/2019 9:53
692060,11/4/2019 10:21
692235,11/11/2019 1:12
693225,11/4/2019 12:21
693553,11/4/2019 13:50
69433,11/4/2019 11:08
695082,11/4/2019 10:08
695973,11/4/2019 12:04
696723,11/6/2019 11:14
697330,11/4/2019 9:31
698214,11/4/2019 12:24
698303,11/4/2019 10:03
698484,11/4/2019 10:04
698530,11/4/2019 9:43
700883,11/4/2019 9:43
701859,11/4/2019 9:44
702797,11/4/2019 9:59
703102,11/4/2019 9:31
704005,11/5/2019 15:36
704337,11/4/2019 9:35
704775,11/4/2019 19:15
707394,11/7/2019 8:18
710342,11/4/2019 19:33
713034,11/4/2019 13:55
714267,11/4/2019 23:05
714969,11/4/2019 9:34
716490,11/4/2019 9:32
717573,7/7/2020 7:18
718809,11/4/2019 10:59
720352,11/4/2019 13:48
720588,11/4/2019 9:39
720734,11/26/2019 7:45
721351,11/4/2019 9:45
721961,11/4/2019 15:40
723622,11/4/2019 9:37
725086,11/4/2019 10:31
726075,11/4/2019 9:57
72636,11/4/2019 14:07
728658,11/4/2019 9:31
729175,11/4/2019 9:36
729531,11/4/2019 11:11
729580,11/4/2019 10:54
730082,11/5/2019 13:13
73061,11/9/2019 19:55
730939,11/4/2019 16:49
731273,11/4/2019 9:51
731823,11/25/2019 16:39
732679,11/4/2019 22:11
734478,11/4/2019 12:16
734826,11/4/2019 9:43
737521,11/4/2019 20:53
739014,11/8/2019 11:36
739694,11/4/2019 10:58
739885,11/4/2019 9:31
739992,11/4/2019 9:31
740246,11/4/2019 17:51
742549,11/4/2019 15:26
743759,11/4/2019 12:32
744027,11/4/2019 12:18
744590,11/4/2019 10:00
744858,11/4/2019 9:52
745171,11/4/2019 9:39
745268,11/4/2019 9:46
745703,11/4/2019 9:33
746296,11/4/2019 9:57
747193,11/4/2019 9:32
747531,11/4/2019 16:20
747776,11/5/2019 15:43
747917,11/4/2019 18:23
748078,11/4/2019 10:56
748537,11/4/2019 9:48
748936,1/11/2020 20:25
751032,11/4/2019 9:32
752091,11/4/2019 13:19
753126,11/4/2019 9:31
753154,11/29/2019 11:38
753371,11/4/2019 9:57
753416,11/4/2019 9:37
754328,11/5/2019 8:57
755359,11/4/2019 9:32
755692,11/4/2019 9:39
75592,11/4/2019 14:22
756245,11/4/2019 21:11
756472,11/4/2019 10:47
757410,11/5/2019 16:55
757609,11/4/2019 9:53
758273,11/4/2019 10:28
759729,11/4/2019 10:56
760041,11/4/2019 9:36
760280,11/4/2019 9:37
76068,11/4/2019 9:56
763174,11/6/2019 14:02
765811,11/4/2019 9:31
767807,11/4/2019 9:48
767813,11/4/2019 9:48
768383,11/4/2019 9:56
769108,11/4/2019 10:26
769639,11/4/2019 9:49
770029,11/5/2019 10:08
770188,11/4/2019 15:01
771153,11/4/2019 9:45
771377,11/4/2019 9:42
772104,11/5/2019 7:19
772428,11/4/2019 9:56
772455,11/4/2019 9:31
772771,11/4/2019 9:31
773078,11/4/2019 13:53
774131,11/4/2019 9:32
774454,11/4/2019 17:57
775011,11/4/2019 9:32
775086,11/4/2019 13:29
775372,11/4/2019 11:37
776114,11/11/2019 11:21
798582,11/4/2019 15:24
799311,11/4/2019 9:31
800990,11/4/2019 11:43
801226,11/4/2019 12:38
802659,11/4/2019 9:54
803033,11/4/2019 9:50
803648,11/4/2019 10:15
803884,11/4/2019 10:03
804382,11/4/2019 11:39
804773,11/4/2019 9:59
806076,11/5/2019 0:44
806180,11/4/2019 11:03
806766,11/4/2019 9:49
807176,11/4/2019 10:18
807412,11/4/2019 9:38
808072,11/4/2019 9:50
808534,11/4/2019 9:45
809656,11/4/2019 9:48
8097,11/4/2019 9:31
810016,11/5/2019 12:19
810151,11/4/2019 9:51
810355,11/4/2019 9:54
811621,11/4/2019 10:22
813215,11/4/2019 9:33
815753,11/4/2019 10:18
816305,11/4/2019 20:41
816338,11/4/2019 9:42
816919,11/4/2019 9:31
817534,11/4/2019 10:00
818202,11/4/2019 9:33
818415,11/4/2019 9:59
82008,11/4/2019 12:29
821508,11/4/2019 10:41
823677,11/4/2019 13:11
824843,11/4/2019 9:35
828496,11/4/2019 10:15
829434,11/4/2019 11:46
829543,11/4/2019 9:58
829672,11/28/2019 18:44
830539,11/4/2019 9:48
834384,11/4/2019 10:09
834763,11/13/2019 21:52
835295,11/4/2019 19:48
835626,11/5/2019 9:20
835869,11/4/2019 9:38
836075,11/4/2019 11:01
836805,11/4/2019 21:12
837444,11/4/2019 9:31
838169,11/5/2019 9:47
839379,11/4/2019 10:04
840704,11/4/2019 9:31
840955,1/2/2020 17:50
841603,11/4/2019 11:26
842055,11/4/2019 9:54
842244,11/4/2019 9:44
842348,11/4/2019 9:34
842543,11/4/2019 10:57
842847,11/4/2019 9:31
842974,11/4/2019 9:33
843510,11/4/2019 10:36
843781,11/4/2019 9:31
843786,11/4/2019 9:31
843915,11/4/2019 12:15
844860,11/4/2019 10:11
846854,11/4/2019 13:01
847088,11/5/2019 19:59
847903,11/4/2019 10:10
848143,11/4/2019 22:04
849079,11/4/2019 9:32
849847,11/4/2019 18:46
850614,11/4/2019 9:33
850887,11/9/2019 9:42
85160,11/4/2019 16:45
852439,11/4/2019 9:36
852851,11/4/2019 11:15
853445,11/4/2019 10:20
85387,11/4/2019 11:12
856155,11/4/2019 9:31
857115,11/5/2019 16:34
85937,11/4/2019 15:45
86153,11/4/2019 9:36
863010,5/16/2020 9:51
863283,11/4/2019 14:09
86553,11/4/2019 12:33
868845,11/4/2019 9:36
871067,11/4/2019 9:35
876471,11/4/2019 9:33
876689,11/4/2019 9:33
87734,11/5/2019 3:11
878980,11/4/2019 22:48
879564,11/4/2019 12:55
88048,11/4/2019 11:15
883391,11/5/2019 14:21
884332,11/4/2019 9:39
885523,11/4/2019 18:01
886080,11/5/2019 19:40
886858,11/4/2019 9:32
886868,11/4/2019 9:32
887709,11/4/2019 9:31
888194,8/13/2020 8:12
88985,11/4/2019 12:44
892477,11/11/2019 17:38
893509,11/4/2019 10:33
893838,11/4/2019 10:23
893971,11/5/2019 12:04
896208,11/4/2019 12:43
900175,11/4/2019 10:10
902380,11/4/2019 9:45
902643,11/4/2019 11:13
902672,11/4/2019 11:55
902835,11/4/2019 12:56
903153,11/4/2019 9:44
903372,11/4/2019 9:49
903401,11/4/2019 18:17
904308,11/4/2019 9:36
908925,11/4/2019 15:50
910575,11/4/2019 9:31
911874,11/4/2019 11:53
913307,11/4/2019 17:10
915558,11/4/2019 9:32
91743,11/4/2019 13:35
917812,11/4/2019 9:43
918507,11/4/2019 9:31
91953,11/4/2019 12:55
919918,11/8/2019 17:52
92178,11/4/2019 11:18
922190,11/4/2019 12:06
922212,11/4/2019 10:24
92378,11/5/2019 16:00
930453,11/4/2019 9:31
931269,11/4/2019 14:28
93142,11/4/2019 9:53
932328,11/4/2019 9:36
93390,11/4/2019 12:36
93460,11/4/2019 12:28
935562,11/4/2019 9:38
936514,11/6/2019 22:05
939186,11/4/2019 16:07
939489,11/12/2019 17:48
939704,11/5/2019 19:29
939736,11/4/2019 10:09
939833,11/4/2019 22:26
939934,11/4/2019 9:33
939940,11/4/2019 9:31
940325,11/4/2019 9:36
940987,11/4/2019 19:50
943060,11/5/2019 7:59
94359,11/4/2019 9:32
944665,11/4/2019 19:31
951378,11/4/2019 10:48
954743,11/4/2019 19:18
954863,11/4/2019 9:42
955111,11/4/2019 13:44
955548,11/4/2019 11:38
956126,11/4/2019 9:43
957132,11/4/2019 9:31
957819,11/4/2019 9:40
958307,11/4/2019 9:31
958344,11/4/2019 13:25
958947,11/5/2019 23:19
959619,11/4/2019 9:31
960021,11/4/2019 9:37
960367,11/4/2019 20:44
960940,11/4/2019 15:10
961198,11/10/2019 7:52
961754,11/5/2019 8:10
962822,11/4/2019 9:54
975884,11/4/2019 9:50
978291,11/4/2019 9:45
986649,11/4/2019 14:30
997815,11/4/2019 21:27
3370265,11/4/2019 10:33
3374276,11/4/2019 9:31
149823,11/4/2019 11:27
478038,11/4/2019 11:08
582826,11/4/2019 16:59
889586,11/4/2019 9:31
1008166,11/4/2019 10:03
101508,11/4/2019 11:16
10449,11/4/2019 17:20
109225,11/8/2019 6:34
124728,11/4/2019 10:17
13092,11/20/2019 18:05
165078,11/4/2019 10:22
184281,11/4/2019 14:20
193593,11/4/2019 10:24
201120,11/4/2019 20:37
211007,11/4/2019 9:32
220965,11/4/2019 18:42
224664,11/4/2019 11:06
226261,11/5/2019 3:46
230269,11/4/2019 16:50
238311,11/4/2019 12:58
246478,11/4/2019 10:23
247888,11/4/2019 17:25
255809,11/4/2019 12:42
259809,11/4/2019 9:37
264663,11/4/2019 10:45
267515,11/4/2019 9:54
275986,11/4/2019 9:37
29523,11/4/2019 9:45
306958,11/5/2019 17:27
3157548,11/4/2019 11:30
31652,11/4/2019 9:37
32002,11/5/2019 7:28
3239565,11/4/2019 9:33
325376,11/4/2019 22:27
325980,11/4/2019 18:32
330219,11/4/2019 9:39
357114,12/1/2019 21:40
360671,11/17/2019 21:05
380802,11/4/2019 9:31
384581,11/4/2019 9:39
385878,11/6/2019 5:56
390431,7/18/2020 10:43
395320,11/4/2019 9:52
399666,11/4/2019 12:03
405394,11/13/2019 19:21
409471,11/4/2019 10:36
411785,11/4/2019 21:56
415707,11/4/2019 10:02
420118,11/4/2019 10:38
421273,11/4/2019 9:32
438605,11/4/2019 9:58
444937,11/4/2019 12:45
447740,11/4/2019 11:38
453554,11/4/2019 10:19
470254,11/4/2019 9:36
483444,11/4/2019 10:46
488509,11/4/2019 11:05
499212,11/4/2019 10:48
508203,11/4/2019 22:10
509320,11/4/2019 9:41
509482,1/4/2020 17:09
510502,11/4/2019 10:19
512012,11/4/2019 10:32
518042,11/4/2019 10:32
521315,11/6/2019 17:04
521965,11/5/2019 8:13
579905,11/4/2019 9:42
581286,11/4/2019 11:56
583103,11/4/2019 23:29
587743,11/4/2019 10:08
595457,11/4/2019 9:45
598091,11/4/2019 9:34
606788,11/4/2019 11:39
609851,11/4/2019 10:06
614051,11/4/2019 10:39
617961,11/4/2019 9:33
622282,11/4/2019 13:06
626899,11/4/2019 9:34
629327,11/4/2019 9:36
633854,11/11/2019 15:56
638739,11/5/2019 1:21
641500,11/4/2019 12:15
643245,11/4/2019 21:11
646655,11/7/2019 9:18
649882,11/4/2019 15:22
657854,11/4/2019 19:25
668737,11/4/2019 13:06
669955,11/6/2019 4:44
675033,11/4/2019 11:52
679459,11/5/2019 11:44
6885,11/4/2019 10:38
696000,11/4/2019 9:32
697003,11/4/2019 9:57
702376,11/4/2019 10:22
703341,11/4/2019 17:18
703889,11/4/2019 9:52
705951,11/5/2019 4:43
709536,11/4/2019 10:57
712479,11/4/2019 9:32
714297,11/4/2019 21:19
717859,11/4/2019 10:21
718346,11/4/2019 9:32
719383,11/11/2019 18:39
720164,11/4/2019 14:36
723278,11/4/2019 20:04
723775,11/4/2019 9:57
728387,11/4/2019 21:38
740859,11/4/2019 11:07
742629,11/4/2019 13:57
745455,11/4/2019 14:24
747634,11/4/2019 18:07
751125,11/4/2019 19:08
755154,11/4/2019 9:51
758164,11/4/2019 9:33
760143,12/3/2019 21:53
763258,11/4/2019 10:08
769830,11/4/2019 9:31
772587,11/14/2019 22:30
773245,11/4/2019 14:03
774968,11/4/2019 13:48
777210,11/4/2019 9:31
781458,11/4/2019 11:15
782961,11/4/2019 9:34
786219,11/5/2019 10:39
799076,11/4/2019 12:21
803486,11/4/2019 13:37
807482,11/4/2019 9:40
810952,11/4/2019 9:38
812027,11/4/2019 10:09
812785,11/4/2019 19:43
818118,11/22/2019 9:04
827252,11/4/2019 10:06
829686,11/4/2019 9:32
835894,11/4/2019 10:24
838465,11/4/2019 9:37
840507,11/4/2019 9:40
841024,11/4/2019 9:41
843807,11/4/2019 19:52
846496,11/5/2019 3:23
850812,11/4/2019 9:53
851565,11/4/2019 9:42
851994,11/7/2019 15:08
852203,11/4/2019 9:39
856595,11/4/2019 11:08
865722,11/4/2019 19:21
87006,11/4/2019 14:44
872035,11/4/2019 9:57
879570,11/9/2019 13:38
882146,11/5/2019 6:55
885020,11/4/2019 19:21
887863,7/12/2020 12:35
890211,11/4/2019 10:04
893823,11/4/2019 10:28
902397,11/5/2019 9:27
902710,11/4/2019 9:32
903173,11/4/2019 9:32
914009,11/5/2019 18:44
915266,11/4/2019 12:06
916680,11/4/2019 10:50
919335,11/7/2019 19:23
922255,11/5/2019 6:38
925401,11/4/2019 9:32
936819,11/4/2019 13:40
939468,11/4/2019 16:19
939773,11/4/2019 9:32
940097,11/4/2019 11:52
950918,11/4/2019 12:29
954565,11/4/2019 9:42
957040,11/6/2019 6:58
958752,11/4/2019 10:56
959002,11/13/2019 13:12
961774,11/4/2019 9:40
962402,11/4/2019 9:34
972808,11/5/2019 5:17
165253,11/5/2019 8:54
19468,11/4/2019 11:22
246103,11/4/2019 9:33
276733,11/4/2019 9:32
292063,11/4/2019 11:08
316007,11/4/2019 9:56
366255,11/4/2019 18:28
36944,11/4/2019 9:37
382706,11/4/2019 9:56
409318,11/4/2019 9:33
432532,11/4/2019 9:33
446174,11/4/2019 10:34
471178,11/4/2019 14:19
481689,11/4/2019 10:17
488970,11/4/2019 10:26
508328,11/6/2019 9:29
508891,11/4/2019 9:58
580632,11/14/2019 18:11
580746,11/4/2019 12:20
583533,11/4/2019 9:34
596408,11/4/2019 9:42
604997,11/4/2019 9:36
606145,11/4/2019 14:18
615199,11/4/2019 10:12
620618,11/4/2019 9:54
631872,11/4/2019 14:46
633675,11/4/2019 12:51
637135,11/4/2019 19:46
644181,11/4/2019 9:32
644949,11/4/2019 9:32
647776,11/4/2019 16:17
664776,11/4/2019 9:34
671693,11/4/2019 10:25
679242,11/4/2019 19:58
686518,11/4/2019 11:43
688599,11/7/2019 0:07
692386,11/4/2019 10:38
697234,11/5/2019 10:25
703877,11/4/2019 13:06
717204,11/4/2019 11:48
720844,11/4/2019 9:32
724419,11/4/2019 9:32
728708,11/4/2019 9:36
729384,11/4/2019 18:54
740004,11/4/2019 9:32
744155,11/4/2019 9:32
751719,11/4/2019 9:33
756269,11/4/2019 9:46
756888,11/4/2019 9:52
774967,11/4/2019 9:45
783720,11/4/2019 9:32
785915,11/4/2019 9:32
809676,11/4/2019 9:33
812029,11/4/2019 9:37
812911,11/4/2019 23:57
820145,11/4/2019 9:42
828614,11/4/2019 9:32
832839,11/4/2019 15:00
834005,11/4/2019 14:34
835221,11/4/2019 10:28
838490,11/6/2019 14:11
839427,11/4/2019 9:38
840876,11/4/2019 9:59
841654,11/4/2019 11:05
844022,11/7/2019 20:25
844309,11/8/2019 12:58
857027,11/4/2019 23:38
865483,11/4/2019 14:00
879879,11/4/2019 16:06
886312,11/4/2019 9:34
887189,11/4/2019 9:38
888347,11/4/2019 11:30
892489,11/4/2019 13:39
902432,11/4/2019 9:33
905860,11/4/2019 12:29
918531,11/4/2019 9:35
932427,11/5/2019 9:45
940044,11/13/2019 7:54
957481,11/4/2019 21:14
958230,11/4/2019 13:38
958552,11/4/2019 9:33
961056,1/11/2020 18:15
963802,11/4/2019 9:42
989281,11/4/2019 10:23
994004,11/4/2019 12:13
999935,11/4/2019 9:50
598151,11/4/2019 9:32
1007327,11/4/2019 9:45
37100,11/4/2019 15:26
4923,11/4/2019 10:09
508039,11/4/2019 11:31
521053,11/4/2019 17:05
628453,11/4/2019 9:31
688306,11/4/2019 12:16
717949,11/6/2019 8:06
781501,11/4/2019 16:02
830439,11/4/2019 15:36
85607,11/4/2019 15:40
39226,11/4/2019 9:58
260508,11/4/2019 10:42
753201,11/7/2019 16:15
763167,11/6/2019 12:09
817465,11/4/2019 9:56
1012539,11/4/2019 9:32
141394,11/4/2019 12:12
174785,11/10/2019 10:37
20065,11/4/2019 17:09
203636,11/4/2019 17:43
241423,11/4/2019 14:13
266404,11/4/2019 10:32
266905,11/4/2019 10:46
284612,11/4/2019 21:33
311013,11/4/2019 11:52
320764,11/4/2019 10:00
3360311,11/4/2019 9:43
3375319,11/4/2019 12:56
3375372,11/4/2019 9:56
3390047,11/4/2019 9:41
3394651,11/4/2019 12:58
3395145,11/4/2019 11:59
3397281,11/4/2019 9:33
3397466,11/4/2019 9:32
3398368,11/7/2019 9:34
383463,11/4/2019 20:05
398152,11/4/2019 9:45
421226,11/4/2019 9:56
450348,11/4/2019 21:52
472447,11/4/2019 10:12
475653,11/4/2019 10:22
506279,11/4/2019 9:41
514097,11/13/2019 13:29
583242,11/4/2019 9:36
591509,11/4/2019 9:43
601317,11/4/2019 19:21
602574,11/4/2019 10:26
603863,11/4/2019 9:32
606076,11/4/2019 17:41
609143,11/4/2019 10:16
613435,11/4/2019 12:40
614260,11/4/2019 9:45
614581,11/4/2019 10:05
614610,11/6/2019 22:25
618412,11/11/2019 11:55
625198,11/4/2019 9:56
630343,11/4/2019 9:38
631697,11/4/2019 10:09
638851,11/4/2019 18:33
639967,11/5/2019 18:03
668420,11/6/2019 19:31
671417,11/4/2019 12:40
677301,11/8/2019 9:47
691959,11/4/2019 9:38
696745,11/4/2019 19:23
704160,11/5/2019 16:11
705667,11/23/2019 17:54
707715,11/4/2019 9:53
711032,11/4/2019 12:47
715602,11/4/2019 12:37
721487,11/5/2019 2:17
723275,11/4/2019 10:00
726366,11/4/2019 9:32
730549,11/4/2019 11:08
739309,12/1/2019 0:15
742075,11/4/2019 9:48
745587,11/4/2019 11:40
749391,11/4/2019 9:33
754335,3/6/2020 16:50
759145,11/4/2019 9:51
846727,11/4/2019 9:40
852869,11/4/2019 11:05
887678,1/3/2020 22:19
888356,11/4/2019 10:00
920140,11/4/2019 9:32
9454,11/4/2019 9:46
464049,11/4/2019 12:41
499856,11/4/2019 19:30
405928,11/4/2019 16:05
881646,11/4/2019 9:33
3400384,11/4/2019 18:06
3401645,11/7/2019 17:11
3402320,11/4/2019 9:32
3402822,11/4/2019 13:00
3403367,11/4/2019 9:32
3403577,11/4/2019 10:11
3403638,11/4/2019 10:14
3403815,11/4/2019 12:13
3404356,11/4/2019 10:08
237739,11/26/2019 9:33
627373,11/4/2019 17:46
369353,11/5/2019 19:30
427388,11/4/2019 9:57
507977,11/4/2019 12:31
603189,11/4/2019 10:52
981594,11/22/2019 15:53
429361,11/4/2019 22:56
3432629,11/4/2019 9:53
496591,11/10/2019 2:21
628204,11/4/2019 15:02
772113,11/4/2019 9:34
643548,11/13/2019 22:39
702951,11/4/2019 9:38
326951,11/4/2019 10:50
940398,11/16/2019 9:28
120267,11/4/2019 12:21
403075,11/4/2019 10:05
84560,11/4/2019 11:01
488745,11/5/2019 6:27
395383,11/4/2019 17:48
970242,11/4/2019 21:11
722650,11/4/2019 12:18
959505,11/4/2019 9:50
490924,11/4/2019 9:34
707543,11/6/2019 9:39
500431,11/22/2019 18:00
672448,11/4/2019 15:36
736149,11/4/2019 9:38
263910,11/4/2019 12:50
397669,11/4/2019 20:29
3685772,11/4/2019 12:57
838743,11/4/2019 10:21
3688536,11/30/2019 22:25
382098,11/4/2019 9:39
3698775,11/4/2019 9:41
421964,11/4/2019 9:43
3715595,11/4/2019 17:09
301245,11/4/2019 10:59
805183,11/4/2019 10:48
415634,11/4/2019 12:56
885949,11/4/2019 9:50
453488,11/4/2019 14:20
580679,11/4/2019 9:58
808751,11/4/2019 23:46
431664,11/4/2019 9:31
33262,11/4/2019 11:30
775850,11/4/2019 14:01
821151,11/4/2019 11:47
318897,11/4/2019 9:39
348715,11/4/2019 10:27
112179,12/3/2019 17:23
3745910,11/4/2019 13:21
3689719,11/4/2019 22:14
520330,11/4/2019 9:31
423463,11/4/2019 9:47
